study,doi,lat,lon,sub_type1,sub_type2,psd,psd_id,shape,low_size,high_size,lod_min,lod_max,density,shape_factor,slope,log_intercept,alpha,scale
Abbasi2019,10.1016/j.envpol.2018.10.039,27.47,52.61,Aerosol,Outdoor,Abb19_A,Abb19_A_1,Fibers,10.0,500.0,10.0,500.0,1.14e-06,0.00012081150000000001,-0.40015807523908575,0.21462224567862143,-1.4001580752390859,0.6559244670770529
Allen2019,10.1038/s41561-019-0335-5,42.804,1.419,Total deposition,Outdoor,All19_C,All19_C_1,Fragments,10.0,225.0,25.0,125.0,1.14e-06,1.1058000000000001e-07,-2.164928092161165,5.159435872803867,-3.164928092161165,312521.10319339664
Allen2019,10.1038/s41561-019-0335-5,42.804,1.419,Total deposition,Outdoor,All19_D,All19_D_1,Fibers,10.0,3000.0,100.0,1300.0,1.14e-06,0.00012081150000000001,-0.9702557585873363,3.693096399759621,-1.9702557585873364,4786.1094810774475
Allen2019,10.1038/s41561-019-0335-5,42.804,1.419,Total deposition,Outdoor,All19_E,All19_E_1,Films,10.0,600.0,50.0,350.0,1.14e-06,1.0348920000000002e-05,-1.849198040363054,5.131310707462541,-2.8491980403630537,250203.9329044267
Allen2021,10.1038/s41467-021-27454-7,42.94,0.14,Aerosol,Outdoor,All21b_A,All21b_A_1,Fragments,5.0,50.0,10.0,30.0,1.14e-06,1.1058000000000001e-07,-3.478313005678107,2.5087309861316673,-4.478313005678107,1122.2759255109931
Brahney2020,10.1126/science.aaz5819,36.1,-112.2,Total deposition,Outdoor,Bra20_AC,Bra20_AC_1,Fibers,10.0,2500.0,50.0,1500.0,1.14e-06,0.00012081150000000001,-1.150883020337037,4.197571970973216,-2.1508830203370373,18138.57452354384
Brahney2020,10.1126/science.aaz5819,39.0,-114.2,Total deposition,Outdoor,Bra20_AC,Bra20_AC_10,Fibers,10.0,2500.0,50.0,1500.0,1.14e-06,0.00012081150000000001,-1.1960784221047793,4.216036729131648,-2.1960784221047795,19669.63878995377
Brahney2020,10.1126/science.aaz5819,37.6,-112.2,Total deposition,Outdoor,Bra20_AC,Bra20_AC_11,Fibers,10.0,2500.0,50.0,1500.0,1.14e-06,0.00012081150000000001,-1.1263074542266345,3.99733016825723,-2.1263074542266347,11194.047016400613
Brahney2020,10.1126/science.aaz5819,42.9,-109.8,Total deposition,Outdoor,Bra20_AC,Bra20_AC_2,Fibers,10.0,2500.0,50.0,1500.0,1.14e-06,0.00012081150000000001,-1.1377688568183102,3.95915712598934,-2.13776885681831,10356.456086316784
Brahney2020,10.1126/science.aaz5819,43.5,-113.5,Total deposition,Outdoor,Bra20_AC,Bra20_AC_3,Fibers,10.0,2500.0,50.0,1500.0,1.14e-06,0.00012081150000000001,-0.9709661009689157,3.940883197657475,-1.9709661009689157,8473.976698282317
Brahney2020,10.1126/science.aaz5819,40.3,-105.6,Total deposition,Outdoor,Bra20_AC,Bra20_AC_4,Fibers,10.0,2500.0,50.0,1500.0,1.14e-06,0.00012081150000000001,-1.3333500946715648,5.205315087426762,-2.333350094671565,213923.88817819775
Brahney2020,10.1126/science.aaz5819,34.1,-116.4,Total deposition,Outdoor,Bra20_AC,Bra20_AC_5,Fibers,10.0,2500.0,50.0,1500.0,1.14e-06,0.00012081150000000001,-1.0426517712749581,3.6743211049804305,-2.042651771274958,4925.614174201048
Brahney2020,10.1126/science.aaz5819,40.8,-109.5,Total deposition,Outdoor,Bra20_AC,Bra20_AC_6,Fibers,10.0,2500.0,50.0,1500.0,1.14e-06,0.00012081150000000001,-0.9935830705508899,3.9091033371732777,-1.99358307055089,8059.48924756967
Brahney2020,10.1126/science.aaz5819,38.46,-109.8,Total deposition,Outdoor,Bra20_AC,Bra20_AC_7,Fibers,10.0,2500.0,50.0,1500.0,1.14e-06,0.00012081150000000001,-0.9257506328296189,3.3762026105573093,-1.9257506328296188,2201.3881692784144
Brahney2020,10.1126/science.aaz5819,40.1,-105.6,Total deposition,Outdoor,Bra20_AC,Bra20_AC_8,Fibers,10.0,2500.0,50.0,1500.0,1.14e-06,0.00012081150000000001,-1.2499747860906105,4.4931809776539415,-2.2499747860906103,38911.88147141897
Brahney2020,10.1126/science.aaz5819,39.0,-107.0,Total deposition,Outdoor,Bra20_AC,Bra20_AC_9,Fibers,10.0,2500.0,50.0,1500.0,1.14e-06,0.00012081150000000001,-1.0263844500058392,4.056612551349133,-2.026384450005839,11692.910219385725
Brahney2020,10.1126/science.aaz5819,36.1,-112.2,Total deposition,Outdoor,Bra20_BD,Bra20_BD_1,Fragments,5.0,250.0,10.0,100.0,1.14e-06,1.1058000000000001e-07,-1.3870800839189463,2.6399967297809166,-2.3870800839189465,605.4778579758065
Brahney2020,10.1126/science.aaz5819,39.0,-114.2,Total deposition,Outdoor,Bra20_BD,Bra20_BD_10,Fragments,5.0,250.0,10.0,100.0,1.14e-06,1.1058000000000001e-07,-1.394200604813823,2.7761852058743943,-2.3942006048138227,832.7420066712549
Brahney2020,10.1126/science.aaz5819,37.6,-112.2,Total deposition,Outdoor,Bra20_BD,Bra20_BD_11,Fragments,5.0,250.0,10.0,100.0,1.14e-06,1.1058000000000001e-07,-1.3875293523924188,2.5290702303677373,-2.387529352392419,469.1507441362104
Brahney2020,10.1126/science.aaz5819,42.9,-109.8,Total deposition,Outdoor,Bra20_BD,Bra20_BD_2,Fragments,5.0,250.0,10.0,100.0,1.14e-06,1.1058000000000001e-07,-1.3893565463328037,2.4217886627954313,-2.3893565463328037,366.9461830059908
Brahney2020,10.1126/science.aaz5819,43.5,-113.5,Total deposition,Outdoor,Bra20_BD,Bra20_BD_3,Fragments,5.0,250.0,10.0,100.0,1.14e-06,1.1058000000000001e-07,-1.388060248554588,2.732144886828867,-2.388060248554588,749.1231252540231
Brahney2020,10.1126/science.aaz5819,40.3,-105.6,Total deposition,Outdoor,Bra20_BD,Bra20_BD_4,Fragments,5.0,250.0,10.0,100.0,1.14e-06,1.1058000000000001e-07,-1.3865011584545002,3.0034685525586284,-2.3865011584545,1397.6189783848736
Brahney2020,10.1126/science.aaz5819,34.1,-116.4,Total deposition,Outdoor,Bra20_BD,Bra20_BD_5,Fragments,5.0,250.0,10.0,100.0,1.14e-06,1.1058000000000001e-07,-1.387195962116062,2.3065629263727048,-2.387195962116062,280.99639119881357
Brahney2020,10.1126/science.aaz5819,40.8,-109.5,Total deposition,Outdoor,Bra20_BD,Bra20_BD_6,Fragments,5.0,250.0,10.0,100.0,1.14e-06,1.1058000000000001e-07,-1.3921401820758381,2.71017435790137,-2.3921401820758383,714.2616403439117
Brahney2020,10.1126/science.aaz5819,38.46,-109.8,Total deposition,Outdoor,Bra20_BD,Bra20_BD_7,Fragments,5.0,250.0,10.0,100.0,1.14e-06,1.1058000000000001e-07,-1.3940383943541856,2.3439793877630026,-2.394038394354186,307.7897287871861
Brahney2020,10.1126/science.aaz5819,40.1,-105.6,Total deposition,Outdoor,Bra20_BD,Bra20_BD_8,Fragments,5.0,250.0,10.0,100.0,1.14e-06,1.1058000000000001e-07,-1.3880103211930195,2.8540904560341747,-2.3880103211930193,991.9348564187471
Brahney2020,10.1126/science.aaz5819,39.0,-107.0,Total deposition,Outdoor,Bra20_BD,Bra20_BD_9,Fragments,5.0,250.0,10.0,100.0,1.14e-06,1.1058000000000001e-07,-1.386172034785885,2.718864635486772,-2.386172034785885,725.5740943851064
Cai2017,10.1007/s11356-017-0116-x,23.021,113.752,Total deposition,Outdoor,Cai17_A,Cai17_A_1,Fibers,20.0,5000.0,700.0,3200.0,1.14e-06,0.00012081150000000001,-1.2050293703387707,4.864703994147521,-2.205029370338771,88247.34056700379
Chen2022,10.1016/j.scitotenv.2021.151472,23.0,120.2,Aerosol,Indoor,Che22_A,Che22_A_1,Fragments,25.0,250.0,50.0,200.0,1.14e-06,1.1058000000000001e-07,-2.564558829433038,5.373762093057136,-3.564558829433038,606421.7355646066
Dris2016,10.1016/j.marpolbul.2016.01.006,48.805,2.443,Total deposition,Outdoor,Dri16_A,Dri16_A_1,Fibers,50.0,3200.0,400.0,2200.0,1.14e-06,0.00012081150000000001,-1.3868834919885091,5.626754140621988,-2.386883491988509,587210.9147709771
Dris2017,10.1016/j.envpol.2016.12.013,48.8,2.5,Aerosol,Indoor,Dri17_A,Dri17_A_1,Fibers,50.0,3250.0,250.0,2050.0,1.14e-06,0.00012081150000000001,-1.514698867551064,4.146001943811337,-2.514698867551064,21199.6282102887
Dris2017,10.1016/j.envpol.2016.12.013,48.8,2.5,Aerosol,Outdoor,Dri17_B,Dri17_B_1,Fibers,50.0,1650.0,250.0,850.0,1.14e-06,0.00012081150000000001,-0.9566953633755697,2.029741079854495,-1.9566953633755697,102.45065728432914
Ferrero2022,10.1016/j.scitotenv.2022.153709,56.0,18.0,Aerosol,Outdoor,Fer22_A,Fer22_A_1,Fibers,1.0,2400.0,75.0,975.0,1.14e-06,0.00012081150000000001,-0.6767482913720649,2.694611473244157,-1.676748291372065,334.99524391540035
Gaston2020,10.1177/0003702820920652,34.17,-118.96,Aerosol,Outdoor,Gas20_A,Gas20_A_1,Fibers,20.0,3100.0,100.0,1700.0,1.14e-06,0.00012081150000000001,-0.6172918366706952,1.422878705109727,-1.6172918366706952,16.344409652614768
Gaston2020,10.1177/0003702820920652,34.17,-118.96,Aerosol,Outdoor,Gas20_B,Gas20_B_1,Fragments,20.0,225.0,75.0,225.0,1.14e-06,1.1058000000000001e-07,-1.7959835915692364,4.316477403331866,-2.7959835915692364,37220.29131100058
Gonzales-Pleiter2020,10.1016/j.scitotenv.2020.143213,40.01,-3.0,Aerosol,Outdoor,Gon20_A,Gon20_A_1,Fragments,10.0,5000.0,30.0,130.0,1.14e-06,1.1058000000000001e-07,-0.6577559305298061,1.1088700414908346,-1.657755930529806,8.451519814420609
Gonzales-Pleiter2020,10.1016/j.scitotenv.2020.143213,41.65,-4.72,Aerosol,Outdoor,Gon20_A,Gon20_A_2,Fragments,10.0,5000.0,30.0,130.0,1.14e-06,1.1058000000000001e-07,-0.6577559305298061,1.4379287607550593,-1.657755930529806,18.02990893743063
Gonzales-Pleiter2020,10.1016/j.scitotenv.2020.143213,40.63,-3.16,Aerosol,Outdoor,Gon20_A,Gon20_A_3,Fragments,10.0,5000.0,30.0,130.0,1.14e-06,1.1058000000000001e-07,-0.657755930529806,1.5009805065021482,-1.657755930529806,20.84708220890416
Gonzales-Pleiter2020,10.1016/j.scitotenv.2020.143213,40.42,-3.7,Aerosol,Outdoor,Gon20_A,Gon20_A_4,Fragments,10.0,5000.0,30.0,130.0,1.14e-06,1.1058000000000001e-07,-0.657755930529806,2.0757935826892484,-1.657755930529806,78.3174169469643
Kernchen2022,10.1016/j.scitotenv.2021.151812,50.62,5.62,Total deposition,Outdoor,Ker22_A,Ker22_A_1,Fragments,11.0,500.0,30.0,160.0,1.14e-06,1.1058000000000001e-07,-1.448178411537856,4.04380523863909,-2.4481784115378558,16018.70146503495
Kernchen2024,10.1007/s11869-024-01571-w,51.325,9.525,Total deposition,Outdoor,Ker24_A,Ker24_A_1,Fragments,1.0,90.0,20.0,60.0,1.14e-06,1.1058000000000001e-07,-1.4223019078682402,3.016634330958265,-2.42230190786824,1477.8355978431155
Klein2019,10.1016/j.scitotenv.2019.05.405,53.79,9.98,Total deposition,Outdoor,Kle19_A,Kle19_A_1,Fragments,20.0,5000.0,20.0,5000.0,1.14e-06,1.1058000000000001e-07,-1.0705584000844643,3.7765818642062547,-2.0705584000844643,6400.180580022497
Klein2019,10.1016/j.scitotenv.2019.05.405,53.56,9.99,Total deposition,Outdoor,Kle19_B,Kle19_B_1,Fragments,20.0,5000.0,20.0,5000.0,1.14e-06,1.1058000000000001e-07,-1.0131728847334007,3.7276731089344013,-2.0131728847334007,5411.986035302499
Klein2019,10.1016/j.scitotenv.2019.05.405,53.5,10.02,Total deposition,Outdoor,Kle19_C,Kle19_C_1,Fragments,20.0,5000.0,20.0,5000.0,1.14e-06,1.1058000000000001e-07,-0.9615524598334194,3.364223205613846,-1.9615524598334195,2224.314478814136
Klein2019,10.1016/j.scitotenv.2019.05.405,53.42,9.85,Total deposition,Outdoor,Kle19_D,Kle19_D_1,Fragments,20.0,5000.0,20.0,5000.0,1.14e-06,1.1058000000000001e-07,-1.5205620719289112,4.569530522665329,-2.5205620719289112,56433.19985093718
Klein2019,10.1016/j.scitotenv.2019.05.405,53.42,9.85,Total deposition,Outdoor,Kle19_E,Kle19_E_1,Fragments,20.0,5000.0,20.0,5000.0,1.14e-06,1.1058000000000001e-07,-1.2587624104295498,4.342929560312376,-2.25876241042955,27725.11305197518
Klein2019,10.1016/j.scitotenv.2019.05.405,53.42,9.85,Total deposition,Outdoor,Kle19_F,Kle19_F_1,Fragments,20.0,5000.0,20.0,5000.0,1.14e-06,1.1058000000000001e-07,-1.2765197155799,4.219378572436587,-2.2765197155798997,21154.662412181868
Knobloch2020,10.1007/s11270-021-05080-9,-43.52,172.58,Total deposition,Outdoor,Kno20_A,Kno20_A_1,Fibers,50.0,1000.0,50.0,1000.0,1.14e-06,0.00012081150000000001,-0.5867742367980967,3.300125613354365,-1.5867742367980968,1171.1071987995554
Levermore2020,10.1021/acs.analchem.9b05445,55.52,-0.15,Aerosol,Outdoor,Lev19_A,Lev19_A_1,Fragments,5.0,40.0,7.5,27.5,1.14e-06,1.1058000000000001e-07,-2.9655590802878473,6.020283714284102,-3.9655590802878473,3107350.8696040446
Liao2021,10.1016/j.jhazmat.2021.126007,28.0,120.7,Aerosol,Indoor,Lia21_A,Lia21_A_1,Fragments,5.0,5000.0,5.0,5000.0,1.14e-06,1.1058000000000001e-07,-0.9415930375599395,3.8609666204821953,-1.9415930375599395,6836.437677329544
Liao2021,10.1016/j.jhazmat.2021.126007,28.0,120.7,Aerosol,Outdoor,Lia21_B,Lia21_B_1,Fragments,5.0,5000.0,5.0,5000.0,1.14e-06,1.1058000000000001e-07,-1.052399292421806,3.255842645216857,-2.052399292421806,1896.8072137262398
Liao2021,10.1016/j.jhazmat.2021.126007,27.95,120.7,Aerosol,Outdoor,Lia21_B,Lia21_B_2,Fragments,5.0,5000.0,5.0,5000.0,1.14e-06,1.1058000000000001e-07,-1.052399292421806,2.9099160006653366,-2.052399292421806,855.2568240462052
Liu2019,10.1016/j.scitotenv.2019.04.110,31.2,121.4,Aerosol,Outdoor,Liu19_A,Liu19_A_1,Fibers,23.0,5000.0,100.0,2000.0,1.14e-06,0.00012081150000000001,-0.580446156725035,0.9709453954886113,-1.580446156725035,5.428843665623289
Liu2019,10.1021/acs.est.9b03427,29.0,122.5,Aerosol,Outdoor,Liu19b_A,Liu19b_A_1,Fibers,16.0,3000.0,200.0,1800.0,1.14e-06,0.00012081150000000001,-1.2697728741339338,1.7615719115057327,-2.269772874133934,73.33274749020131
Liu2019,10.1021/acs.est.9b03427,29.0,122.5,Aerosol,Outdoor,Liu19b_B,Liu19b_B_1,Fragments,16.0,600.0,50.0,300.0,1.14e-06,1.1058000000000001e-07,-1.0871599003760135,0.4716602263456664,-2.0871599003760135,3.2207250529228086
Maurizi2024,10.1016/j.chemosphere.2024.142553,57.05,9.92,Aerosol,Indoor,Mau24_A,Mau24_A_1,Fragments,1.0,100.0,5.0,50.0,1.14e-06,1.1058000000000001e-07,-1.7410026551866633,3.355956849765679,-2.741002655186663,3951.448110169041
Roblin2020,10.1021/acs.est.0c04000,55.37175,-7.33945,Total deposition,Outdoor,Rob20_A,Rob20_A_4,Fibers,50.0,4000.0,400.0,3000.0,1.14e-06,0.00012081150000000001,-1.2415701204426708,4.4431704707525554,-2.241570120442671,34446.23206288452
Syafei2019,10.12944/cwe.14.2.13,-7.276,112.735,Aerosol,Outdoor,Sya19_A,Sya19_A_1,Fibers,250.0,5000.0,500.0,3500.0,1.14e-06,0.00012081150000000001,-1.4613398199441714,6.094784742247086,-2.4613398199441714,1817757.5651123445
Szewc2021,10.1016/j.scitotenv.2020.143272,54.51,18.54,Total deposition,Outdoor,Scz21_A,Scz21_A_1,Fibers,75.0,5000.0,900.0,5000.0,1.14e-06,0.00012081150000000001,-1.2800832178610533,4.1189533004147965,-2.280083217861053,16834.16208315108
Szewc2021,10.1016/j.scitotenv.2020.143272,54.51,18.54,Total deposition,Outdoor,Scz21_B,Scz21_B_1,Fragments,5.0,750.0,190.0,750.0,1.14e-06,1.1058000000000001e-07,-2.5525794534903263,5.282693925402274,-3.5525794534903263,489410.40073024336
Szewc2021,10.1016/j.scitotenv.2020.143272,54.51,18.54,Total deposition,Outdoor,Scz21_C,Scz21_C_1,Films,10.0,1520.0,10.0,1520.0,1.14e-06,1.0348920000000002e-05,-0.7288001845283304,0.8353693403173628,-1.7288001845283305,4.988590028002132
Truong2021,10.1016/j.chemosphere.2021.129874,10.8,106.6,Total deposition,Outdoor,Tru21_A,Tru21_A_1,Fibers,300.0,4000.0,600.0,2500.0,1.14e-06,0.00012081150000000001,-1.7393173948955318,7.091999280480269,-2.739317394895532,21497013.086343072
Vianello2019,10.1038/s41598-019-45054-w,56.16,10.2,Aerosol,Indoor,Via19_A,Via19_A_1,Fragments,11.220184543019636,446.6835921509633,28.183829312644548,223.87211385683392,1.14e-06,1.1058000000000001e-07,-2.103628274983731,4.018028785849191,-3.103628274983731,21927.93753627894
Wang2020,10.1016/j.jhazmat.2019.121846,22.5,113.7,Aerosol,Outdoor,Wan20_A,Wan20_A_1,Fibers,60.0,2500.0,250.0,1000.0,1.14e-06,0.00012081150000000001,-0.6715013268254484,0.2196872087794186,-1.6715013268254484,1.1136124660989923
Wang2020,10.1016/j.jhazmat.2019.121846,15.0,112.0,Aerosol,Outdoor,Wan20_A,Wan20_A_2,Fibers,60.0,2500.0,250.0,1000.0,1.14e-06,0.00012081150000000001,-0.6715013268254489,-0.7045920772824616,-1.671501326825449,0.13257291263083296
Wang2020,10.1016/j.jhazmat.2019.121846,0.0,87.0,Aerosol,Outdoor,Wan20_A,Wan20_A_3,Fibers,60.0,2500.0,250.0,1000.0,1.14e-06,0.00012081150000000001,-0.6715013268254489,-0.577487278917654,-1.671501326825449,0.17764770292531615
Wright2020,10.1016/j.envint.2019.105411,51.5111,-0.1171,Total deposition,Outdoor,Wri20_A,Wri20_A_1,Fragments,25.0,350.0,75.0,275.0,1.14e-06,1.1058000000000001e-07,-1.510852432847001,4.574776883862791,-2.5108524328470008,56754.3209857389
Wright2020,10.1016/j.envint.2019.105411,51.5111,-0.1171,Total deposition,Outdoor,Wri20_B,Wri20_B_1,Fibers,100.0,2900.0,400.0,2000.0,1.14e-06,0.00012081150000000001,-1.7610281638730787,7.519543938623926,-2.7610281638730787,58251919.443619885
Xie2022,10.1016/j.envint.2022.107151,31.23,121.47,Aerosol,Indoor,Xie21_A,Xie21_A_1,Fragments,1.0,200.0,15.0,145.0,1.14e-06,1.1058000000000001e-07,-0.8893821511106749,2.8090134726857463,-1.889382151110675,572.9304202181592
Xie2022,10.1016/j.envint.2022.107151,31.23,121.47,Aerosol,Outdoor,Xie22_A,Xie22_A_2,Fragments,2.0,200.0,15.0,145.0,1.14e-06,1.1058000000000001e-07,-0.889382151110675,2.5332048574147774,-1.889382151110675,303.59405772384935
Yakovenko2025,10.1371/journal.pone.0328011,43.6,1.44,Aerosol,Indoor,Yak25_A,Yak25_A_1,Fragments,1.0,28.0,3.0,15.0,1.14e-06,1.1058000000000001e-07,-2.339498077891262,4.719398867808008,-3.339498077891262,122608.77702229586
Zhu2021,10.1021/acs.est.1c03618,40.0,116.34,Aerosol,Outdoor,Zhu21_A,Zhu21_A_1,Fragments,5.0,1000.0,5.0,1000.0,1.14e-06,1.1058000000000001e-07,-1.2680957905820565,3.70421239033115,-2.2680957905820565,6417.478926888625
Zhu2021,10.1021/acs.est.1c03618,39.1,117.2,Aerosol,Outdoor,Zhu21_A,Zhu21_A_2,Fragments,5.0,1000.0,5.0,1000.0,1.14e-06,1.1058000000000001e-07,-1.2680957905820565,3.6203648501623356,-2.2680957905820565,5290.745985526494
Zhu2021,10.1021/acs.est.1c03618,31.2,121.5,Aerosol,Outdoor,Zhu21_A,Zhu21_A_3,Fragments,5.0,1000.0,5.0,1000.0,1.14e-06,1.1058000000000001e-07,-1.2680957905820565,3.5363311013202985,-2.2680957905820565,4359.966599183868
Zhu2021,10.1021/acs.est.1c03618,32.06,118.8,Aerosol,Outdoor,Zhu21_A,Zhu21_A_4,Fragments,5.0,1000.0,5.0,1000.0,1.14e-06,1.1058000000000001e-07,-1.2680957905820565,3.35779310631753,-2.2680957905820565,2890.3149365376216
Zhu2021,10.1021/acs.est.1c03618,30.27,120.16,Aerosol,Outdoor,Zhu21_A,Zhu21_A_5,Fragments,5.0,1000.0,5.0,1000.0,1.14e-06,1.1058000000000001e-07,-1.2680957905820565,3.5007549470591024,-2.2680957905820565,4017.047877899749
