author,year,doi,shape,measure,height,grid_lat,grid_lon,lat,lon,start_date,end_date,duration,number,number_units,n_obs,n_loc
Abbasi,2019,https://doi.org/10.1016/j.envpol.2018.10.039,fiber,concentration,,28.0,52.5,27.31,52.33,2017-07-31,2017-08-28,8 days,1.1556953039967215,particle/m3,8,1
Abbasi,2023,https://doi.org/10.1016/j.jes.2022.02.044,fiber,concentration,,32.0,47.5,31.417333333333332,48.672,2019-08-28,2019-12-23,25 days,0.0068720000000000005,particle/m3,25,2
Akhbarizadeh,2021,https://doi.org/10.1016/j.envres.2020.110339,fiber,concentration,,28.0,50.0,28.9796,50.8343,2017-01-04,2017-09-20,12 days,1.3258333333333334,particle/m3,12,1
Allen,2020,https://doi.org/10.1371/journal.pone.0232746,sphere,concentration,,44.0,-2.5,44.21666666666667,-1.283333333333333,2018-10-05,2018-10-13,8 days,6.2654352201493655,particle/m3,8,1
Allen,2021,https://doi.org/10.1038/s41467-021-27454-7,fiber,concentration,,42.0,0.0,42.936802,0.14117,2017-06-23,2017-10-23,97 days,0.07023345756949127,particle/m3,15,1
Allen,2021,https://doi.org/10.1038/s41467-021-27454-7,fragment,concentration,,42.0,0.0,42.936802,0.14117,2017-06-23,2017-10-23,97 days,0.16387806766214627,particle/m3,15,1
Chandrakanthan,2023,https://doi.org/10.1016/j.atmosenv.2023.119617,fiber,concentration,,34.0,-112.5,33.4179,-111.9284,2020-10-28,2021-11-05,63 days,0.21831746031746033,particle/m3,63,1
Chen,2023,https://doi.org/10.1038/s41467-023-43695-0,fiber,concentration,,-74.0,77.5,-73.86,76.97,2020-01-21,2020-01-30,8 days,0.0006599865232986256,particle/m3,2,1
Chen,2023,https://doi.org/10.1038/s41467-023-43695-0,fiber,concentration,,-70.0,75.0,-69.3,76.23,2019-11-22,2019-11-25,3 days,0.05944136687257301,particle/m3,1,1
Chen,2023,https://doi.org/10.1038/s41467-023-43695-0,fiber,concentration,,-68.0,77.5,-68.97,76.42,2019-11-20,2019-11-22,2 days,0.0938884054111916,particle/m3,1,1
Chen,2023,https://doi.org/10.1038/s41467-023-43695-0,fiber,concentration,,-66.0,77.5,-65.62,77.77,2019-11-18,2019-11-20,2 days,0.07285399621702895,particle/m3,1,1
Chen,2023,https://doi.org/10.1038/s41467-023-43695-0,fiber,concentration,,-66.0,82.5,-65.42,82.0,2020-03-12,2020-03-14,2 days,0.0197144361475654,particle/m3,1,1
Chen,2023,https://doi.org/10.1038/s41467-023-43695-0,fiber,concentration,,-66.0,152.5,-65.22,152.27,2020-03-20,2020-03-24,4 days,0.004875384317270494,particle/m3,2,2
Chen,2023,https://doi.org/10.1038/s41467-023-43695-0,fiber,concentration,,-64.0,102.5,-64.04,103.43,2020-03-14,2020-03-16,2 days,0.007834678728190138,particle/m3,1,1
Chen,2023,https://doi.org/10.1038/s41467-023-43695-0,fiber,concentration,,-64.0,127.5,-64.39,128.36,2020-03-16,2020-03-18,2 days,0.0241427328200207,particle/m3,1,1
Chen,2023,https://doi.org/10.1038/s41467-023-43695-0,fiber,concentration,,-64.0,147.5,-64.74,146.33,2020-03-18,2020-03-20,2 days,0.0033212225043414718,particle/m3,1,1
Chen,2023,https://doi.org/10.1038/s41467-023-43695-0,fiber,concentration,,-62.0,90.0,-61.65,89.95,2019-11-16,2019-11-18,2 days,0.005407631513479063,particle/m3,1,1
Chen,2023,https://doi.org/10.1038/s41467-023-43695-0,fiber,concentration,,-60.0,110.0,-60.89,109.6,2019-11-14,2019-11-16,2 days,0.01988475525035214,particle/m3,1,1
Chen,2023,https://doi.org/10.1038/s41467-023-43695-0,fiber,concentration,,-60.0,130.0,-60.34,129.58,2019-11-12,2019-11-14,2 days,0.01907573951211512,particle/m3,1,1
Chen,2023,https://doi.org/10.1038/s41467-023-43695-0,fiber,concentration,,-54.0,145.0,-54.24,144.16,2019-11-10,2019-11-12,2 days,0.02742137554866548,particle/m3,1,1
Chen,2023,https://doi.org/10.1038/s41467-023-43695-0,fiber,concentration,,-46.0,147.5,-45.85,147.42,2019-11-07,2019-11-10,3 days,0.01077268325126144,particle/m3,1,1
Chen,2023,https://doi.org/10.1038/s41467-023-43695-0,fiber,concentration,,-44.0,150.0,-44.41,150.09,2020-04-02,2020-04-04,2 days,0.005109573083602264,particle/m3,1,1
Chen,2023,https://doi.org/10.1038/s41467-023-43695-0,fiber,concentration,,-34.0,152.5,-34.27,153.05,2020-04-04,2020-04-06,2 days,0.08132737158066937,particle/m3,1,1
Chen,2023,https://doi.org/10.1038/s41467-023-43695-0,fiber,concentration,,-24.0,155.0,-24.05,155.57,2020-04-06,2020-04-08,2 days,0.07630295804846048,particle/m3,1,1
Chen,2023,https://doi.org/10.1038/s41467-023-43695-0,fiber,concentration,,-14.0,155.0,-13.66,155.27,2020-04-08,2020-04-10,2 days,0.01609515521334713,particle/m3,1,1
Chen,2023,https://doi.org/10.1038/s41467-023-43695-0,fiber,concentration,,-4.0,152.5,-4.71,152.56,2020-04-10,2020-04-12,2 days,0.01187975741937526,particle/m3,1,1
Chen,2023,https://doi.org/10.1038/s41467-023-43695-0,fiber,concentration,,6.0,147.5,5.12,146.94,2020-04-12,2020-04-14,2 days,0.002639946093194503,particle/m3,1,1
Chen,2023,https://doi.org/10.1038/s41467-023-43695-0,fiber,concentration,,12.0,140.0,12.79,139.81,2020-04-14,2020-04-16,2 days,0.00123481349520388,particle/m3,1,1
Chen,2023,https://doi.org/10.1038/s41467-023-43695-0,fiber,concentration,,18.0,135.0,18.67,134.05,2020-04-16,2020-04-18,2 days,0.003959919139791755,particle/m3,1,1
Chen,2023,https://doi.org/10.1038/s41467-023-43695-0,fiber,concentration,,24.0,127.5,24.97,128.18,2020-04-18,2020-04-20,2 days,0.01175201809228521,particle/m3,1,1
Chen,2023,https://doi.org/10.1038/s41467-023-43695-0,fiber,concentration,,30.0,122.5,30.2,123.06,2020-04-20,2020-04-22,2 days,0.01732996870855101,particle/m3,1,1
Chen,2023,https://doi.org/10.1038/s41467-023-43695-0,fragment,concentration,,-74.0,77.5,-73.86,76.97,2020-01-21,2020-01-30,8 days,0.001197798853882926,particle/m3,2,1
Chen,2023,https://doi.org/10.1038/s41467-023-43695-0,fragment,concentration,,-70.0,75.0,-69.3,76.23,2019-11-22,2019-11-25,3 days,0.002136614171791166,particle/m3,1,1
Chen,2023,https://doi.org/10.1038/s41467-023-43695-0,fragment,concentration,,-68.0,77.5,-68.97,76.42,2019-11-20,2019-11-22,2 days,0.002136614171791166,particle/m3,1,1
Chen,2023,https://doi.org/10.1038/s41467-023-43695-0,fragment,concentration,,-66.0,77.5,-65.62,77.77,2019-11-18,2019-11-20,2 days,0.002784073011727883,particle/m3,1,1
Chen,2023,https://doi.org/10.1038/s41467-023-43695-0,fragment,concentration,,-66.0,82.5,-65.42,82.0,2020-03-12,2020-03-14,2 days,0.0018776306358164793,particle/m3,1,1
Chen,2023,https://doi.org/10.1038/s41467-023-43695-0,fragment,concentration,,-66.0,152.5,-65.22,152.27,2020-03-20,2020-03-24,4 days,0.011201037930905199,particle/m3,2,2
Chen,2023,https://doi.org/10.1038/s41467-023-43695-0,fragment,concentration,,-64.0,102.5,-64.04,103.43,2020-03-14,2020-03-16,2 days,0.0003237294199683584,particle/m3,1,1
Chen,2023,https://doi.org/10.1038/s41467-023-43695-0,fragment,concentration,,-64.0,127.5,-64.39,128.36,2020-03-16,2020-03-18,2 days,0.00116542591188609,particle/m3,1,1
Chen,2023,https://doi.org/10.1038/s41467-023-43695-0,fragment,concentration,,-64.0,147.5,-64.74,146.33,2020-03-18,2020-03-20,2 days,0.0002589835359746867,particle/m3,1,1
Chen,2023,https://doi.org/10.1038/s41467-023-43695-0,fragment,concentration,,-62.0,90.0,-61.65,89.95,2019-11-16,2019-11-18,2 days,0.006927809587322869,particle/m3,1,1
Chen,2023,https://doi.org/10.1038/s41467-023-43695-0,fragment,concentration,,-60.0,110.0,-60.89,109.6,2019-11-14,2019-11-16,2 days,0.01061832497496216,particle/m3,1,1
Chen,2023,https://doi.org/10.1038/s41467-023-43695-0,fragment,concentration,,-60.0,130.0,-60.34,129.58,2019-11-12,2019-11-14,2 days,0.004208482459588659,particle/m3,1,1
Chen,2023,https://doi.org/10.1038/s41467-023-43695-0,fragment,concentration,,-54.0,145.0,-54.24,144.16,2019-11-10,2019-11-12,2 days,0.006345096631379825,particle/m3,1,1
Chen,2023,https://doi.org/10.1038/s41467-023-43695-0,fragment,concentration,,-46.0,147.5,-45.85,147.42,2019-11-07,2019-11-10,3 days,0.01948851108209518,particle/m3,1,1
Chen,2023,https://doi.org/10.1038/s41467-023-43695-0,fragment,concentration,,-44.0,150.0,-44.41,150.09,2020-04-02,2020-04-04,2 days,0.0009711882599050753,particle/m3,1,1
Chen,2023,https://doi.org/10.1038/s41467-023-43695-0,fragment,concentration,,-34.0,152.5,-34.27,153.05,2020-04-04,2020-04-06,2 days,0.003884753039620301,particle/m3,1,1
Chen,2023,https://doi.org/10.1038/s41467-023-43695-0,fragment,concentration,,-24.0,155.0,-24.05,155.57,2020-04-06,2020-04-08,2 days,0.005956621327417796,particle/m3,1,1
Chen,2023,https://doi.org/10.1038/s41467-023-43695-0,fragment,concentration,,-14.0,155.0,-13.66,155.27,2020-04-08,2020-04-10,2 days,0.005114924835500063,particle/m3,1,1
Chen,2023,https://doi.org/10.1038/s41467-023-43695-0,fragment,concentration,,-4.0,152.5,-4.71,152.56,2020-04-10,2020-04-12,2 days,0.051472977774968995,particle/m3,1,1
Chen,2023,https://doi.org/10.1038/s41467-023-43695-0,fragment,concentration,,6.0,147.5,5.12,146.94,2020-04-12,2020-04-14,2 days,0.007251539007291228,particle/m3,1,1
Chen,2023,https://doi.org/10.1038/s41467-023-43695-0,fragment,concentration,,12.0,140.0,12.79,139.81,2020-04-14,2020-04-16,2 days,0.002136614171791166,particle/m3,1,1
Chen,2023,https://doi.org/10.1038/s41467-023-43695-0,fragment,concentration,,18.0,135.0,18.67,134.05,2020-04-16,2020-04-18,2 days,0.004661703647544361,particle/m3,1,1
Chen,2023,https://doi.org/10.1038/s41467-023-43695-0,fragment,concentration,,24.0,127.5,24.97,128.18,2020-04-18,2020-04-20,2 days,0.006345096631379825,particle/m3,1,1
Chen,2023,https://doi.org/10.1038/s41467-023-43695-0,fragment,concentration,,30.0,122.5,30.2,123.06,2020-04-20,2020-04-22,2 days,0.0005179670719493735,particle/m3,1,1
Ding,2021,https://doi.org/10.1016/j.atmosenv.2021.118389,fiber,concentration,,18.0,110.0,18.271666666666672,111.05699999999999,2019-10-03,2019-10-06,3 days,0.016167883333333334,particle/m3,3,3
Ding,2021,https://doi.org/10.1016/j.atmosenv.2021.118389,fiber,concentration,,20.0,112.5,19.34133333333333,112.51566666666669,2019-10-01,2019-10-07,3 days,0.019844933333333335,particle/m3,3,3
Ding,2021,https://doi.org/10.1016/j.atmosenv.2021.118389,fiber,concentration,,20.0,115.0,20.551375,114.576625,2019-09-27,2019-10-01,4 days,0.023898875,particle/m3,4,4
Ding,2021,https://doi.org/10.1016/j.atmosenv.2021.118389,fiber,concentration,,22.0,112.5,22.836,113.65,2019-10-08,2019-10-09,1 days,0.04073225,particle/m3,1,1
Ding,2021,https://doi.org/10.1016/j.atmosenv.2021.118389,fiber,concentration,,22.0,115.0,22.018,114.4815,2019-09-26,2019-09-27,1 days,0.029775199999999998,particle/m3,1,1
Ding,2021,https://doi.org/10.1016/j.atmosenv.2021.118389,fragment,concentration,,18.0,110.0,18.271666666666672,111.05699999999999,2019-10-03,2019-10-06,3 days,0.004974733333333333,particle/m3,3,3
Ding,2021,https://doi.org/10.1016/j.atmosenv.2021.118389,fragment,concentration,,20.0,112.5,19.34133333333333,112.51566666666669,2019-10-01,2019-10-07,3 days,0.006106133333333334,particle/m3,3,3
Ding,2021,https://doi.org/10.1016/j.atmosenv.2021.118389,fragment,concentration,,20.0,115.0,20.551375,114.576625,2019-09-27,2019-10-01,4 days,0.0073535,particle/m3,4,4
Ding,2021,https://doi.org/10.1016/j.atmosenv.2021.118389,fragment,concentration,,22.0,112.5,22.836,113.65,2019-10-08,2019-10-09,1 days,0.012533,particle/m3,1,1
Ding,2021,https://doi.org/10.1016/j.atmosenv.2021.118389,fragment,concentration,,22.0,115.0,22.018,114.4815,2019-09-26,2019-09-27,1 days,0.0091616,particle/m3,1,1
Ding,2021,https://doi.org/10.1016/j.atmosenv.2021.118389,sphere,concentration,,18.0,110.0,18.271666666666672,111.05699999999999,2019-10-03,2019-10-06,3 days,0.001989893333333333,particle/m3,3,3
Ding,2021,https://doi.org/10.1016/j.atmosenv.2021.118389,sphere,concentration,,20.0,112.5,19.34133333333333,112.51566666666669,2019-10-01,2019-10-07,3 days,0.002442453333333334,particle/m3,3,3
Ding,2021,https://doi.org/10.1016/j.atmosenv.2021.118389,sphere,concentration,,20.0,115.0,20.551375,114.576625,2019-09-27,2019-10-01,4 days,0.0029414,particle/m3,4,4
Ding,2021,https://doi.org/10.1016/j.atmosenv.2021.118389,sphere,concentration,,22.0,112.5,22.836,113.65,2019-10-08,2019-10-09,1 days,0.0050132,particle/m3,1,1
Ding,2021,https://doi.org/10.1016/j.atmosenv.2021.118389,sphere,concentration,,22.0,115.0,22.018,114.4815,2019-09-26,2019-09-27,1 days,0.00366464,particle/m3,1,1
Ferrero,2022,https://doi.org/10.1016/j.scitotenv.2022.153709,fiber,concentration,,54.0,17.5,54.5,18.5,2019-10-16,2019-10-18,2 days,135.0,particle/m3,1,1
Ferrero,2022,https://doi.org/10.1016/j.scitotenv.2022.153709,fiber,concentration,,54.0,20.0,54.5,19.25,2019-10-20,2019-10-21,1 days,37.0,particle/m3,1,1
Ferrero,2022,https://doi.org/10.1016/j.scitotenv.2022.153709,fiber,concentration,,56.0,17.5,55.89,18.18,2019-10-21,2019-10-30,5 days,85.6,particle/m3,4,4
Ferrero,2022,https://doi.org/10.1016/j.scitotenv.2022.153709,fiber,concentration,,56.0,20.0,56.9,19.0,2019-10-23,2019-10-24,1 days,39.0,particle/m3,1,1
Ferrero,2022,https://doi.org/10.1016/j.scitotenv.2022.153709,fiber,concentration,,58.0,20.0,57.5,19.0,2019-10-24,2019-10-28,4 days,31.75,particle/m3,4,1
Gaston,2020,https://doi.org/10.1177/0003702820920652,fiber,concentration,,34.0,-120.0,34.15,-119.0333333333333,2019-01-01,2019-03-31,89 days,0.6,particle/m3,1,1
Gaston,2020,https://doi.org/10.1177/0003702820920652,fragment,concentration,,34.0,-120.0,34.15,-119.0333333333333,2019-01-01,2019-03-31,89 days,5.6,particle/m3,1,1
Gossmann,2023,https://doi.org/10.1021/acs.est.3c05002,sphere,concentration,,58.0,12.5,58.247222222222234,11.754166666666666,2021-09-27,2021-10-03,6 days,160.29024835261754,particle/m3,6,4
Gossmann,2023,https://doi.org/10.1038/s41467-023-39340-5,sphere,concentration,,58.0,5.0,58.558684,4.703998,2021-07-04,2021-07-05,2 days,1.2295873385371787,particle/m3,2,1
Gossmann,2023,https://doi.org/10.1038/s41467-023-39340-5,sphere,concentration,,60.0,0.0,60.7997855,1.1554385,2021-06-08,2021-06-09,2 days,1.2568153503494686,particle/m3,2,1
Gossmann,2023,https://doi.org/10.1038/s41467-023-39340-5,sphere,concentration,,60.0,5.0,59.052333000000004,4.75955,2021-06-06,2021-06-07,2 days,4.540478663257693,particle/m3,2,1
Gossmann,2023,https://doi.org/10.1038/s41467-023-39340-5,sphere,concentration,,66.0,7.5,65.738202,8.4480915,2021-06-29,2021-07-02,6 days,0.3695667342795664,particle/m3,2,1
Gossmann,2023,https://doi.org/10.1038/s41467-023-39340-5,sphere,concentration,,68.0,7.5,67.660976,7.25285,2021-06-13,2021-06-17,8 days,1.766892590242013,particle/m3,2,1
Gossmann,2023,https://doi.org/10.1038/s41467-023-39340-5,sphere,concentration,,70.0,15.0,69.6003875,14.6211995,2021-06-25,2021-06-26,2 days,1.361007293690265,particle/m3,2,1
Gossmann,2023,https://doi.org/10.1038/s41467-023-39340-5,sphere,concentration,,74.0,17.5,73.0507685,18.3024,2021-06-20,2021-06-21,2 days,1.1489959147381925,particle/m3,2,1
Guo,2024,https://doi.org/10.1007/s10653-024-02125-w,fragment,concentration,,30.0,90.0,29.633333333333333,91.16666666666667,2023-02-20,2023-02-23,2 days,6.545,particle/m3,2,1
Kaushik,2024,https://doi.org/10.1016/j.scitotenv.2023.168705,fiber,concentration,,16.0,72.5,15.45,73.2,2016-03-01,2020-11-30,118 days,0.560135593220339,particle/m3,4,1
Kaushik,2024,https://doi.org/10.1016/j.scitotenv.2023.168705,film,concentration,,16.0,72.5,15.45,73.2,2016-03-01,2020-11-30,118 days,0.36554237288135594,particle/m3,4,1
Kaushik,2024,https://doi.org/10.1016/j.scitotenv.2023.168705,fragment,concentration,,16.0,72.5,15.45,73.2,2016-03-01,2020-11-30,118 days,0.4583898305084746,particle/m3,4,1
Kyriakoudes,2023,https://doi.org/10.1016/j.chemosphere.2023.140258,fiber,concentration,,50.0,-5.0,50.37510000000001,-4.1384,2021-11-05,2021-12-17,42 days,0.049496,particle/m3,12,1
Kyriakoudes,2023,https://doi.org/10.1016/j.chemosphere.2023.140258,fragment,concentration,,50.0,-5.0,50.37510000000001,-4.1384,2021-11-05,2021-12-17,42 days,0.01859942857142857,particle/m3,12,1
Kyriakoudes,2023,https://doi.org/10.1016/j.chemosphere.2023.140258,sphere,concentration,,50.0,-5.0,50.37510000000001,-4.1384,2021-11-05,2021-12-17,42 days,0.008531142857142857,particle/m3,12,1
Li,2019,https://doi.org/10.1016/j.scitotenv.2019.135967,fiber,concentration,,34.0,117.5,34.213279,117.1444,2018-10-02,2018-10-14,1 days,5716.666666666667,particle/m3,4,1
Li,2021,https://doi.org/10.1016/j.scitotenv.2021.150767,fiber,concentration,,18.0,110.0,18.24,109.43,2020-07-31,2020-08-02,2 days,0.00861,particle/m3,1,1
Li,2021,https://doi.org/10.1016/j.scitotenv.2021.150767,fiber,concentration,,18.0,112.5,17.3125,113.15625,2020-07-25,2020-08-14,16 days,0.004612499999999999,particle/m3,2,2
Li,2021,https://doi.org/10.1016/j.scitotenv.2021.150767,fragment,concentration,,18.0,110.0,18.24,109.43,2020-07-31,2020-08-02,2 days,0.00189,particle/m3,1,1
Li,2021,https://doi.org/10.1016/j.scitotenv.2021.150767,fragment,concentration,,18.0,112.5,17.3125,113.15625,2020-07-25,2020-08-14,16 days,0.0010125,particle/m3,2,2
Liu,2019,https://doi.org/10.1016/j.envint.2019.105127,fiber,concentration,,32.0,122.5,31.0,121.4,2019-05-01,2019-06-30,60 days,0.025800000000000003,particle/m3,1,1
Liu,2019,https://doi.org/10.1016/j.envint.2019.105127,fragment,concentration,,32.0,122.5,31.0,121.4,2019-05-01,2019-06-30,60 days,0.028799999999999996,particle/m3,1,1
Liu,2019,https://doi.org/10.1016/j.envint.2019.105127,sphere,concentration,,32.0,122.5,31.0,121.4,2019-05-01,2019-06-30,60 days,0.005399999999999999,particle/m3,1,1
Liu,2019,https://doi.org/10.1021/acs.est.9b03427,fiber,concentration,,12.0,142.5,12.5,142.0,2018-12-08,2018-12-22,14 days,0.01124706444757122,particle/m3,2,1
Liu,2019,https://doi.org/10.1021/acs.est.9b03427,fiber,concentration,,22.0,130.0,21.0,130.0,2018-12-01,2018-12-29,14 days,0.006744160803870628,particle/m3,2,1
Liu,2019,https://doi.org/10.1021/acs.est.9b03427,fiber,concentration,,28.0,122.5,28.0,122.5,2018-11-24,2019-01-03,12 days,0.2718596397139945,particle/m3,2,1
Liu,2019,https://doi.org/10.1021/acs.est.9b03427,fragment,concentration,,12.0,142.5,12.5,142.0,2018-12-08,2018-12-22,14 days,0.0005437577145845013,particle/m3,2,1
Liu,2019,https://doi.org/10.1021/acs.est.9b03427,fragment,concentration,,22.0,130.0,21.0,130.0,2018-12-01,2018-12-29,14 days,0.0003260574777176623,particle/m3,2,1
Liu,2019,https://doi.org/10.1021/acs.est.9b03427,fragment,concentration,,28.0,122.5,28.0,122.5,2018-11-24,2019-01-03,12 days,0.013143498649602762,particle/m3,2,1
Liu,2020,https://doi.org/10.1016/j.jhazmat.2020.123223,fiber,concentration,,28.0,122.5,28.66,122.03,2018-10-12,2018-10-20,8 days,0.022,particle/m3,1,1
Liu,2020,https://doi.org/10.1016/j.jhazmat.2020.123223,fiber,concentration,,30.0,122.5,30.29,122.06,2018-10-12,2018-10-20,16 days,0.23600000000000002,particle/m3,2,2
Liu,2020,https://doi.org/10.1016/j.jhazmat.2020.123223,fiber,concentration,,32.0,120.0,31.85,120.88,2019-07-10,2019-07-11,1 days,0.32,particle/m3,1,1
Liu,2020,https://doi.org/10.1016/j.jhazmat.2020.123223,fiber,concentration,,34.0,120.0,34.77,119.35,2019-09-04,2019-09-05,1 days,0.078,particle/m3,1,1
Liu,2020,https://doi.org/10.1016/j.jhazmat.2020.123223,fiber,concentration,,36.0,120.0,35.87,120.41,2019-09-01,2019-09-02,1 days,0.042,particle/m3,1,1
Liu,2020,https://doi.org/10.1016/j.jhazmat.2020.123223,fiber,concentration,,38.0,117.5,38.89,117.88,2019-08-27,2019-08-28,1 days,0.05600000000000001,particle/m3,1,1
Liu,2020,https://doi.org/10.1016/j.jhazmat.2020.123223,fiber,concentration,,38.0,120.0,38.22,118.95,2019-08-31,2019-09-01,1 days,0.031,particle/m3,1,1
Liu,2020,https://doi.org/10.1016/j.jhazmat.2020.123223,fiber,concentration,,40.0,122.5,40.85,121.81,2019-08-24,2019-08-25,1 days,0.048,particle/m3,1,1
Liu,2025,https://doi.org/10.1016/j.jes.2023.09.027,fragment,concentration,,34.0,120.0,33.99,119.84,2022-01-22,2022-02-06,2 days,21.65,particle/m3,2,1
Long,2024,https://doi.org/10.1029/2024jd041546,fiber,concentration,,42.0,115.0,42.13333333333333,114.8,2023-04-19,2023-05-08,20 days,9.448551190235597e-05,particle/m3,20,1
Long,2024,https://doi.org/10.1029/2024jd041546,fragment,concentration,,42.0,115.0,42.13333333333333,114.8,2023-04-19,2023-05-08,20 days,3.6588672006702525e-05,particle/m3,20,1
Martynova,2024,https://doi.org/10.1016/j.scitotenv.2023.167902,fiber,concentration,,22.0,40.0,22.318610999999997,39.102778,2015-09-14,2017-12-09,178 days,0.0007584269662921348,particle/m3,70,1
Morioka,2024,https://doi.org/10.1016/j.chemosphere.2024.141131,sphere,concentration,,36.0,135.0,35.0279425914802,135.781467270959,2022-05-17,2022-05-20,9 days,581.5690573054869,particle/m3,3,1
Nafea,2024,https://doi.org/10.1016/j.envpol.2024.125567,fiber,concentration,,30.0,122.5,29.775,121.725,2023-04-20,2024-12-23,94 days,0.11742776595744682,particle/m3,94,2
Nafea,2024,https://doi.org/10.1016/j.envpol.2024.125567,fragment,concentration,,30.0,122.5,29.775,121.725,2023-04-20,2024-12-23,94 days,0.0278381914893617,particle/m3,94,2
Perera,2022,https://doi.org/10.1021/acs.est.2c05885,fiber,concentration,,6.0,80.0,6.830952380952381,79.92857142857143,2021-08-03,2021-11-26,7 days,0.07571428571428572,particle/m3,7,7
Perera,2022,https://doi.org/10.1021/acs.est.2c05885,fiber,concentration,,8.0,80.0,7.506666666666667,80.25333333333333,2021-08-13,2021-10-22,5 days,0.074,particle/m3,5,4
Prata,2020,https://doi.org/10.1016/j.marpolbul.2020.111522,fiber,concentration,,40.0,-7.5,40.63,-8.651,2019-09-01,2019-09-30,29 days,6.0,particle/m3,1,1
Rao,2024,https://doi.org/10.1016/j.jhazmat.2023.132860,fiber,concentration,,32.0,120.0,32.12,118.96,2020-08-01,2021-08-01,348 days,0.6591522988505747,particle/m3,12,1
Rao,2024,https://doi.org/10.1016/j.jhazmat.2023.132860,fragment,concentration,,32.0,120.0,32.12,118.96,2020-08-01,2021-08-01,348 days,0.6591522988505747,particle/m3,12,1
Romarate,2023,https://doi.org/10.1007/s11356-023-26117-y,fiber,concentration,,14.0,120.0,14.571568627450981,121.01470588235294,2021-12-16,2021-12-31,255 days,0.010888235294117646,particle/m3,17,17
Sharaf,2024,https://doi.org/10.1016/j.scitotenv.2023.168398,fiber,concentration,,34.0,72.5,33.645572,72.990345,2022-12-07,2022-12-23,9 days,0.6187999999999999,particle/m3,9,1
Sharaf,2024,https://doi.org/10.1016/j.scitotenv.2023.168398,fragment,concentration,,34.0,72.5,33.645572,72.990345,2022-12-07,2022-12-23,9 days,0.2865333333333333,particle/m3,9,1
Shruti,2022,https://doi.org/10.1016/j.scitotenv.2022.157601,fiber,concentration,,20.0,-100.0,19.424,-99.13900000000001,2020-01-01,2020-09-30,177 days,0.1605217514124294,particle/m3,6,1
Shruti,2022,https://doi.org/10.1016/j.scitotenv.2022.157601,fragment,concentration,,20.0,-100.0,19.424,-99.13900000000001,2020-01-01,2020-09-30,177 days,0.04267033898305085,particle/m3,6,1
Trainic,2020,https://doi.org/10.1038/s43247-020-00061-y,fragment,concentration,,26.0,-70.0,25.95,-70.900002,2016-06-23,2016-06-24,1 days,0.02,particle/m3,1,1
Trainic,2020,https://doi.org/10.1038/s43247-020-00061-y,fragment,concentration,,26.0,-67.5,25.8499995,-67.650002,2016-06-22,2016-06-23,1 days,0.07,particle/m3,1,1
Trainic,2020,https://doi.org/10.1038/s43247-020-00061-y,fragment,concentration,,26.0,-50.0,26.5,-50.3999995,2016-06-15,2016-06-16,1 days,0.03,particle/m3,1,1
Trainic,2020,https://doi.org/10.1038/s43247-020-00061-y,fragment,concentration,,32.0,-37.5,32.2,-38.450001,2016-06-10,2016-06-11,1 days,0.07,particle/m3,1,1
Trainic,2020,https://doi.org/10.1038/s43247-020-00061-y,fragment,concentration,,36.0,-30.0,36.3999995,-30.350000500000004,2016-06-07,2016-06-08,1 days,0.06,particle/m3,1,1
Trainic,2020,https://doi.org/10.1038/s43247-020-00061-y,fragment,concentration,,40.0,-20.0,39.3500005,-19.75,2016-06-02,2016-06-03,1 days,0.07,particle/m3,1,1
Trainic,2020,https://doi.org/10.1038/s43247-020-00061-y,fragment,concentration,,44.0,-12.5,43.8500005,-12.45,2016-05-31,2016-06-01,1 days,0.08,particle/m3,1,1
Trainic,2020,https://doi.org/10.1038/s43247-020-00061-y,fragment,concentration,,46.0,-7.5,46.0500015,-8.0,2016-05-29,2016-05-30,1 days,0.07,particle/m3,1,1
Wang,2020,https://doi.org/10.1016/j.jhazmat.2019.121846,fiber,concentration,,-4.0,87.5,-4.19,88.21,2019-03-20,2019-04-25,36 days,0.0063368,particle/m3,1,1
Wang,2020,https://doi.org/10.1016/j.jhazmat.2019.121846,fiber,concentration,,0.0,87.5,0.19,87.46,2019-03-20,2019-04-25,36 days,0.0142578,particle/m3,1,1
Wang,2020,https://doi.org/10.1016/j.jhazmat.2019.121846,fiber,concentration,,2.0,87.5,2.73,87.28,2019-03-20,2019-04-25,36 days,0.0095052,particle/m3,1,1
Wang,2020,https://doi.org/10.1016/j.jhazmat.2019.121846,fiber,concentration,,2.0,107.5,1.85,108.35,2019-03-20,2019-04-25,36 days,0.0063368,particle/m3,1,1
Wang,2020,https://doi.org/10.1016/j.jhazmat.2019.121846,fiber,concentration,,14.0,112.5,14.33,112.48,2019-03-20,2019-04-25,36 days,0.0182183,particle/m3,1,1
Wang,2020,https://doi.org/10.1016/j.jhazmat.2019.121846,fiber,concentration,,22.0,112.5,22.39,113.63,2019-03-20,2019-04-25,72 days,0.04237735,particle/m3,2,2
Wang,2020,https://doi.org/10.1016/j.jhazmat.2019.121846,fiber,concentration,,22.0,115.0,22.02,114.48,2019-03-20,2019-04-25,36 days,0.015049899999999998,particle/m3,1,1
Wang,2020,https://doi.org/10.1016/j.jhazmat.2019.121846,fragment,concentration,,-4.0,87.5,-4.19,88.21,2019-03-20,2019-04-25,36 days,0.00088,particle/m3,1,1
Wang,2020,https://doi.org/10.1016/j.jhazmat.2019.121846,fragment,concentration,,0.0,87.5,0.19,87.46,2019-03-20,2019-04-25,36 days,0.00198,particle/m3,1,1
Wang,2020,https://doi.org/10.1016/j.jhazmat.2019.121846,fragment,concentration,,2.0,87.5,2.73,87.28,2019-03-20,2019-04-25,36 days,0.00132,particle/m3,1,1
Wang,2020,https://doi.org/10.1016/j.jhazmat.2019.121846,fragment,concentration,,2.0,107.5,1.85,108.35,2019-03-20,2019-04-25,36 days,0.00088,particle/m3,1,1
Wang,2020,https://doi.org/10.1016/j.jhazmat.2019.121846,fragment,concentration,,14.0,112.5,14.33,112.48,2019-03-20,2019-04-25,36 days,0.00253,particle/m3,1,1
Wang,2020,https://doi.org/10.1016/j.jhazmat.2019.121846,fragment,concentration,,22.0,112.5,22.39,113.63,2019-03-20,2019-04-25,72 days,0.005885,particle/m3,2,2
Wang,2020,https://doi.org/10.1016/j.jhazmat.2019.121846,fragment,concentration,,22.0,115.0,22.02,114.48,2019-03-20,2019-04-25,36 days,0.00209,particle/m3,1,1
Wang,2021,https://doi.org/10.1016/j.jhazmat.2021.125477,fiber,concentration,,18.0,110.0,18.25,110.75,2020-05-31,2020-07-10,80 days,0.0012257853373565848,particle/m3,2,2
Wang,2021,https://doi.org/10.1016/j.jhazmat.2021.125477,fiber,concentration,,20.0,110.0,19.333333333333332,110.66666666666667,2020-05-31,2020-07-10,120 days,1.996133399409437e-05,particle/m3,3,2
Wang,2021,https://doi.org/10.1016/j.jhazmat.2021.125477,fiber,concentration,,20.0,112.5,20.0,112.16666666666667,2020-05-31,2020-07-10,120 days,0.0009745140380037034,particle/m3,3,3
Wang,2021,https://doi.org/10.1016/j.jhazmat.2021.125477,fiber,concentration,,22.0,112.5,21.416666666666668,112.53333333333333,2020-05-31,2020-07-10,240 days,0.0006530914934998696,particle/m3,6,6
Wang,2021,https://doi.org/10.1016/j.jhazmat.2021.125477,fiber,concentration,,22.0,115.0,21.666666666666668,115.11666666666666,2020-05-31,2020-07-10,240 days,0.0027784054451126462,particle/m3,6,6
Wang,2021,https://doi.org/10.1016/j.jhazmat.2021.125477,film,concentration,,18.0,110.0,18.25,110.75,2020-05-31,2020-07-10,80 days,0.0002829533254619025,particle/m3,2,2
Wang,2021,https://doi.org/10.1016/j.jhazmat.2021.125477,film,concentration,,20.0,110.0,19.333333333333332,110.66666666666667,2020-05-31,2020-07-10,120 days,4.607760969359403e-06,particle/m3,3,2
Wang,2021,https://doi.org/10.1016/j.jhazmat.2021.125477,film,concentration,,20.0,112.5,20.0,112.16666666666667,2020-05-31,2020-07-10,120 days,0.0002249512858075903,particle/m3,3,3
Wang,2021,https://doi.org/10.1016/j.jhazmat.2021.125477,film,concentration,,22.0,112.5,21.416666666666668,112.53333333333333,2020-05-31,2020-07-10,240 days,0.00015075593114466444,particle/m3,6,6
Wang,2021,https://doi.org/10.1016/j.jhazmat.2021.125477,film,concentration,,22.0,115.0,21.666666666666668,115.11666666666666,2020-05-31,2020-07-10,240 days,0.0006413513330738957,particle/m3,6,6
Wang,2021,https://doi.org/10.1016/j.jhazmat.2021.125477,fragment,concentration,,18.0,110.0,18.25,110.75,2020-05-31,2020-07-10,80 days,0.0005656992071368095,particle/m3,2,2
Wang,2021,https://doi.org/10.1016/j.jhazmat.2021.125477,fragment,concentration,,20.0,110.0,19.333333333333332,110.66666666666667,2020-05-31,2020-07-10,120 days,9.212143814840978e-06,particle/m3,3,2
Wang,2021,https://doi.org/10.1016/j.jhazmat.2021.125477,fragment,concentration,,20.0,112.5,20.0,112.16666666666667,2020-05-31,2020-07-10,120 days,0.00044973765131766773,particle/m3,3,3
Wang,2021,https://doi.org/10.1016/j.jhazmat.2021.125477,fragment,concentration,,22.0,112.5,21.416666666666668,112.53333333333333,2020-05-31,2020-07-10,240 days,0.00030140133741312324,particle/m3,6,6
Wang,2021,https://doi.org/10.1016/j.jhazmat.2021.125477,fragment,concentration,,22.0,115.0,21.666666666666668,115.11666666666666,2020-05-31,2020-07-10,240 days,0.0012822324672232502,particle/m3,6,6
Xu,2024,https://doi.org/10.1021/acs.estlett.3c00729,fiber,concentration,1545.0,36.0,117.5,36.27,117.1,2021-06-26,2021-07-28,13 days,0.10838764827838827,particle/m3,13,1
Xu,2024,https://doi.org/10.1021/acs.estlett.3c00729,film,concentration,1545.0,36.0,117.5,36.27,117.1,2021-06-26,2021-08-03,11 days,0.09398595030303031,particle/m3,11,1
Xu,2024,https://doi.org/10.1021/acs.estlett.3c00729,fragment,concentration,1545.0,36.0,117.5,36.27,117.1,2021-06-26,2021-07-28,16 days,0.21837549577380952,particle/m3,16,1
Yuan,2023,https://doi.org/10.1016/j.scitotenv.2023.161839,fiber,concentration,,24.0,112.5,23.1,113.3,2021-03-01,2021-11-30,272 days,0.18996323529411765,particle/m3,3,1
Yuan,2023,https://doi.org/10.1016/j.scitotenv.2023.165190,sphere,concentration,,24.0,112.5,23.108889,113.318889,2021-09-09,2021-09-27,18 days,0.05,particle/m3,1,1
Zhu,2021,https://doi.org/10.1021/acs.est.1c03618,fragment,concentration,,30.0,120.0,30.266666666666666,120.15,2019-08-01,2019-09-30,60 days,246.0,particle/m3,1,1
Zhu,2021,https://doi.org/10.1021/acs.est.1c03618,fragment,concentration,,32.0,120.0,32.01666666666667,118.78333333333332,2019-08-01,2019-09-30,60 days,177.0,particle/m3,1,1
Zhu,2021,https://doi.org/10.1021/acs.est.1c03618,fragment,concentration,,32.0,122.5,31.233333333333334,121.43333333333328,2019-08-01,2019-09-30,60 days,267.0,particle/m3,1,1
Zhu,2021,https://doi.org/10.1021/acs.est.1c03618,fragment,concentration,,40.0,117.5,39.99166666666667,116.76666666666667,2019-08-01,2019-09-30,120 days,358.5,particle/m3,2,2
Abbasi,2021,https://doi.org/10.1016/j.scitotenv.2021.147358,fiber,deposition,,30.0,52.5,29.65,52.425,2019-10-01,2020-09-30,708 days,39.35826881301466,particle/m2/d,24,2
Allen,2019,https://doi.org/10.1038/s41561-019-0335-5,fiber,deposition,1425.0,42.0,2.5,42.8,1.416666666666667,2017-11-16,2018-04-09,140 days,36.680718048736935,particle/m2/d,5,1
Allen,2019,https://doi.org/10.1038/s41561-019-0335-5,film,deposition,1425.0,42.0,2.5,42.8,1.416666666666667,2017-11-16,2018-04-09,140 days,82.69627039597871,particle/m2/d,5,1
Allen,2019,https://doi.org/10.1038/s41561-019-0335-5,fragment,deposition,1425.0,42.0,2.5,42.8,1.416666666666667,2017-11-16,2018-04-09,140 days,227.99049753822706,particle/m2/d,5,1
Amato,2022,https://doi.org/10.1016/j.scitotenv.2022.153450,fiber,deposition,,-24.0,-47.5,-23.55,-46.66666666666666,2019-10-15,2020-12-15,304 days,104.08881578947368,particle/m2/d,20,1
Amato,2022,https://doi.org/10.1016/j.scitotenv.2022.153450,sphere,deposition,,-24.0,-47.5,-23.55,-46.66666666666666,2019-10-15,2020-12-15,304 days,17.69078947368421,particle/m2/d,20,1
Ankit,2024,https://doi.org/10.1016/j.envpol.2024.124629,film,deposition,,30.0,77.5,30.663486666666664,76.72797033333333,2021-10-20,2022-02-23,378 days,135.35666666666665,particle/m2/d,54,3
Ankit,2024,https://doi.org/10.1016/j.envpol.2024.124629,fragment,deposition,,30.0,77.5,30.663486666666664,76.72797033333333,2021-10-20,2022-02-23,378 days,67.67515720000002,particle/m2/d,54,3
Aves,2024,https://doi.org/10.1016/j.atmosenv.2024.120437,fiber,deposition,1031.0,-44.0,170.0,-43.9853,170.4641,2020-07-06,2020-07-13,7 days,87.9047619047619,particle/m2/d,7,1
Aves,2024,https://doi.org/10.1016/j.atmosenv.2024.120437,fragment,deposition,1031.0,-44.0,170.0,-43.9853,170.4641,2020-07-06,2020-07-13,7 days,43.27619047619048,particle/m2/d,7,1
Beaurepaire,2024,https://doi.org/10.1016/j.envpol.2024.123354,fiber,deposition,,48.0,2.5,48.84227,2.58833,2020-04-03,2021-07-27,249 days,19.33847389558233,particle/m2/d,2,1
Brahney,2020,https://doi.org/10.1126/science.aaz5819,fiber,deposition,,34.0,-117.5,34.0695,-116.3889,2018-01-02,2019-07-02,427 days,68.00556349606558,particle/m2/d,10,1
Brahney,2020,https://doi.org/10.1126/science.aaz5819,fiber,deposition,,36.0,-112.5,36.0586,-112.184,2017-11-01,2019-07-02,427 days,92.0360077733075,particle/m2/d,15,1
Brahney,2020,https://doi.org/10.1126/science.aaz5819,fiber,deposition,,38.0,-112.5,37.6186,-112.1728,2018-01-02,2019-07-02,427 days,58.59539292778064,particle/m2/d,24,1
Brahney,2020,https://doi.org/10.1126/science.aaz5819,fiber,deposition,,38.0,-110.0,38.4584,-109.821,2017-09-26,2019-06-18,273 days,46.959787688897435,particle/m2/d,20,1
Brahney,2020,https://doi.org/10.1126/science.aaz5819,fiber,deposition,,38.0,-107.5,38.9561,-106.986,2017-10-03,2019-07-02,427 days,110.4497817102799,particle/m2/d,31,1
Brahney,2020,https://doi.org/10.1126/science.aaz5819,fiber,deposition,,40.0,-115.0,39.0054,-114.217,2017-09-19,2019-07-02,427 days,84.05651723125334,particle/m2/d,20,1
Brahney,2020,https://doi.org/10.1126/science.aaz5819,fiber,deposition,,40.0,-110.0,40.7543,-109.4671,2018-03-13,2019-06-04,399 days,97.68921478578112,particle/m2/d,11,1
Brahney,2020,https://doi.org/10.1126/science.aaz5819,fiber,deposition,,40.0,-105.0,40.164629590488765,-105.62385680317041,2017-09-12,2019-07-03,757 days,245.96499965346246,particle/m2/d,44,2
Brahney,2020,https://doi.org/10.1126/science.aaz5819,fiber,deposition,,42.0,-110.0,42.929,-109.7875,2017-09-19,2019-07-02,296 days,51.14165636981227,particle/m2/d,24,1
Brahney,2020,https://doi.org/10.1126/science.aaz5819,fiber,deposition,,44.0,-112.5,43.4605,-113.5551,2017-10-03,2019-06-11,300 days,74.23374355523902,particle/m2/d,20,1
Brahney,2020,https://doi.org/10.1126/science.aaz5819,sphere,deposition,,34.0,-117.5,34.0695,-116.3889,2018-01-02,2019-07-02,427 days,16.819366747941714,particle/m2/d,10,1
Brahney,2020,https://doi.org/10.1126/science.aaz5819,sphere,deposition,,36.0,-112.5,36.0586,-112.184,2017-11-01,2019-07-02,427 days,23.49836974800558,particle/m2/d,15,1
Brahney,2020,https://doi.org/10.1126/science.aaz5819,sphere,deposition,,38.0,-112.5,37.6186,-112.1728,2018-01-02,2019-07-02,427 days,14.415379653940956,particle/m2/d,24,1
Brahney,2020,https://doi.org/10.1126/science.aaz5819,sphere,deposition,,38.0,-110.0,38.4584,-109.821,2017-09-26,2019-06-18,273 days,17.339107348992673,particle/m2/d,20,1
Brahney,2020,https://doi.org/10.1126/science.aaz5819,sphere,deposition,,38.0,-107.5,38.9561,-106.986,2017-10-03,2019-07-02,427 days,21.82358008710584,particle/m2/d,31,1
Brahney,2020,https://doi.org/10.1126/science.aaz5819,sphere,deposition,,40.0,-115.0,39.0054,-114.217,2017-09-19,2019-07-02,427 days,35.03028875507255,particle/m2/d,20,1
Brahney,2020,https://doi.org/10.1126/science.aaz5819,sphere,deposition,,40.0,-110.0,40.7543,-109.4671,2018-03-13,2019-06-04,399 days,24.806105152851295,particle/m2/d,11,1
Brahney,2020,https://doi.org/10.1126/science.aaz5819,sphere,deposition,,40.0,-105.0,40.164629590488765,-105.62385680317041,2017-09-12,2019-07-03,757 days,36.46924913373595,particle/m2/d,44,2
Brahney,2020,https://doi.org/10.1126/science.aaz5819,sphere,deposition,,42.0,-110.0,42.929,-109.7875,2017-09-19,2019-07-02,296 days,12.446375864276384,particle/m2/d,24,1
Brahney,2020,https://doi.org/10.1126/science.aaz5819,sphere,deposition,,44.0,-112.5,43.4605,-113.5551,2017-10-03,2019-06-11,300 days,16.968855716574268,particle/m2/d,20,1
Cai,2017,https://doi.org/10.1007/s11356-017-0116-x,fiber,deposition,,24.0,115.0,23.07777777777778,114.27777777777781,2016-10-01,2016-12-31,267 days,47.352059925093634,particle/m2/d,9,3
Chen,2024,https://doi.org/10.1016/j.envpol.2024.124192,fiber,deposition,,30.0,105.0,30.706666666666667,104.05333333333333,2021-07-04,2021-09-25,415 days,137.92056,particle/m2/d,5,5
Chen,2024,https://doi.org/10.1016/j.envpol.2024.124192,sphere,deposition,,30.0,105.0,30.706666666666667,104.05333333333333,2021-07-04,2021-09-25,415 days,122.09943999999999,particle/m2/d,5,5
Dris,2016,https://doi.org/10.1016/j.marpolbul.2016.01.006,fiber,deposition,,48.0,2.5,48.797985347985346,2.477289377289378,2014-02-19,2015-03-12,546 days,93.2967032967033,particle/m2/d,2,2
Edo,2023,https://doi.org/10.1016/j.scitotenv.2023.166923,fiber,deposition,,28.0,-15.0,28.185,-15.805,2021-05-01,2022-02-01,246 days,10.990243902439024,particle/m2/d,8,2
Edo,2023,https://doi.org/10.1016/j.scitotenv.2023.166923,fiber,deposition,,38.0,0.0,38.11,-1.17,2021-05-01,2022-02-01,123 days,15.841463414634147,particle/m2/d,4,1
Edo,2023,https://doi.org/10.1016/j.scitotenv.2023.166923,fiber,deposition,,40.0,-2.5,40.555,-3.525,2021-05-01,2022-02-01,246 days,5.0512195121951216,particle/m2/d,8,2
Edo,2023,https://doi.org/10.1016/j.scitotenv.2023.166923,fiber,deposition,,42.0,-10.0,42.19,-8.82,2021-05-01,2022-02-01,123 days,31.746951219512194,particle/m2/d,4,1
Edo,2023,https://doi.org/10.1016/j.scitotenv.2023.166923,fiber,deposition,,42.0,-2.5,42.52333333333333,-2.9033333333333333,2021-05-01,2022-02-01,369 days,26.120325203252033,particle/m2/d,12,3
Edo,2023,https://doi.org/10.1016/j.scitotenv.2023.166923,fiber,deposition,,42.0,2.5,41.44,2.13,2021-05-01,2022-02-01,123 days,44.44085365853658,particle/m2/d,4,1
Edo,2023,https://doi.org/10.1016/j.scitotenv.2023.166923,fragment,deposition,,28.0,-15.0,28.185,-15.805,2021-05-01,2022-02-01,246 days,3.5168780487804883,particle/m2/d,8,2
Edo,2023,https://doi.org/10.1016/j.scitotenv.2023.166923,fragment,deposition,,38.0,0.0,38.11,-1.17,2021-05-01,2022-02-01,123 days,5.069268292682927,particle/m2/d,4,1
Edo,2023,https://doi.org/10.1016/j.scitotenv.2023.166923,fragment,deposition,,40.0,-2.5,40.555,-3.525,2021-05-01,2022-02-01,246 days,1.6163902439024391,particle/m2/d,8,2
Edo,2023,https://doi.org/10.1016/j.scitotenv.2023.166923,fragment,deposition,,42.0,-10.0,42.19,-8.82,2021-05-01,2022-02-01,123 days,10.159024390243902,particle/m2/d,4,1
Edo,2023,https://doi.org/10.1016/j.scitotenv.2023.166923,fragment,deposition,,42.0,-2.5,42.52333333333333,-2.9033333333333333,2021-05-01,2022-02-01,369 days,8.35850406504065,particle/m2/d,12,3
Edo,2023,https://doi.org/10.1016/j.scitotenv.2023.166923,fragment,deposition,,42.0,2.5,41.44,2.13,2021-05-01,2022-02-01,123 days,14.221073170731705,particle/m2/d,4,1
Elnahas,2024,https://doi.org/10.1021/acsestair.4c00189,fiber,deposition,,38.0,-80.0,37.26,-80.52,2023-03-22,2023-09-09,210 days,34.782,particle/m2/d,10,2
Elnahas,2024,https://doi.org/10.1021/acsestair.4c00189,film,deposition,,38.0,-80.0,37.26,-80.52,2023-03-22,2023-09-09,210 days,6.138,particle/m2/d,10,2
Elnahas,2024,https://doi.org/10.1021/acsestair.4c00189,fragment,deposition,,38.0,-80.0,37.26,-80.52,2023-03-22,2023-09-09,210 days,27.28,particle/m2/d,10,2
Hamilton,2021,https://doi.org/10.1016/j.scitotenv.2021.145536,fiber,deposition,,68.0,-62.5,67.2,-62.5,2018-08-10,2018-08-12,2 days,1970.73,particle/m2/d,1,1
Hamilton,2021,https://doi.org/10.1016/j.scitotenv.2021.145536,fragment,deposition,,68.0,-62.5,67.2,-62.5,2018-08-10,2018-08-12,2 days,437.94,particle/m2/d,1,1
Hee,2023,https://doi.org/10.1016/j.scitotenv.2023.166153,fiber,deposition,,2.0,102.5,2.9245,101.77317000000001,2020-08-01,2021-05-31,294 days,156.69727891156464,particle/m2/d,10,1
Hee,2023,https://doi.org/10.1016/j.scitotenv.2023.166153,fiber,deposition,,6.0,102.5,5.6124149999999995,103.0468666665,2020-08-01,2021-05-31,588 days,129.99459183673468,particle/m2/d,20,2
Hee,2023,https://doi.org/10.1016/j.scitotenv.2023.166153,fragment,deposition,,2.0,102.5,2.9245,101.77317000000001,2020-08-01,2021-05-31,294 days,183.94897959183675,particle/m2/d,10,1
Hee,2023,https://doi.org/10.1016/j.scitotenv.2023.166153,fragment,deposition,,6.0,102.5,5.6124149999999995,103.0468666665,2020-08-01,2021-05-31,588 days,152.6023469387755,particle/m2/d,20,2
Huang,2021,https://doi.org/10.1016/j.jhazmat.2021.126168,fiber,deposition,,24.0,112.5,23.2,113.4,2018-08-01,2019-07-31,362 days,86.7817679558011,particle/m2/d,12,1
Huang,2021,https://doi.org/10.1016/j.jhazmat.2021.126168,film,deposition,,24.0,112.5,23.2,113.4,2018-08-01,2019-07-31,362 days,2.5359116022099446,particle/m2/d,12,1
Huang,2021,https://doi.org/10.1016/j.jhazmat.2021.126168,fragment,deposition,,24.0,112.5,23.2,113.4,2018-08-01,2019-07-31,362 days,18.593922651933703,particle/m2/d,12,1
Huang,2021,https://doi.org/10.1016/j.jhazmat.2021.126168,sphere,deposition,,24.0,112.5,23.2,113.4,2018-08-01,2019-07-31,362 days,5.044198895027624,particle/m2/d,12,1
Illuminati,2024,https://doi.org/10.1016/j.scitotenv.2024.175221,fiber,deposition,20.0,-74.0,162.5,-74.9,163.65,2020-01-07,2020-11-29,327 days,0.10649999999999998,particle/m2/d,1,1
Illuminati,2024,https://doi.org/10.1016/j.scitotenv.2024.175221,fiber,deposition,30.0,-74.0,165.0,-74.33333333333333,165.13333333333333,2020-01-18,2020-11-17,304 days,0.038000000000000006,particle/m2/d,1,1
Illuminati,2024,https://doi.org/10.1016/j.scitotenv.2024.175221,fiber,deposition,60.0,-74.0,165.0,-74.71666666666667,164.115,2020-01-20,2020-12-20,335 days,0.13899999999999998,particle/m2/d,1,1
Illuminati,2024,https://doi.org/10.1016/j.scitotenv.2024.175221,fiber,deposition,160.0,-74.0,167.5,-73.58333333333333,166.61666666666667,2020-01-20,2020-12-05,320 days,0.0725,particle/m2/d,1,1
Illuminati,2024,https://doi.org/10.1016/j.scitotenv.2024.175221,fiber,deposition,1250.0,-74.0,162.5,-74.95,161.76666666666668,2020-01-07,2020-12-10,338 days,0.17200000000000001,particle/m2/d,1,1
Illuminati,2024,https://doi.org/10.1016/j.scitotenv.2024.175221,fiber,deposition,1621.0,-74.0,162.5,-74.16666666666667,163.45,2020-01-06,2020-11-18,317 days,0.14650000000000002,particle/m2/d,1,1
Illuminati,2024,https://doi.org/10.1016/j.scitotenv.2024.175221,fragment,deposition,20.0,-74.0,162.5,-74.9,163.65,2020-01-07,2020-11-29,327 days,2.0235,particle/m2/d,1,1
Illuminati,2024,https://doi.org/10.1016/j.scitotenv.2024.175221,fragment,deposition,30.0,-74.0,165.0,-74.33333333333333,165.13333333333333,2020-01-18,2020-11-17,304 days,0.722,particle/m2/d,1,1
Illuminati,2024,https://doi.org/10.1016/j.scitotenv.2024.175221,fragment,deposition,60.0,-74.0,165.0,-74.71666666666667,164.115,2020-01-20,2020-12-20,335 days,2.6409999999999996,particle/m2/d,1,1
Illuminati,2024,https://doi.org/10.1016/j.scitotenv.2024.175221,fragment,deposition,160.0,-74.0,167.5,-73.58333333333333,166.61666666666667,2020-01-20,2020-12-05,320 days,1.3775,particle/m2/d,1,1
Illuminati,2024,https://doi.org/10.1016/j.scitotenv.2024.175221,fragment,deposition,1250.0,-74.0,162.5,-74.95,161.76666666666668,2020-01-07,2020-12-10,338 days,3.268,particle/m2/d,1,1
Illuminati,2024,https://doi.org/10.1016/j.scitotenv.2024.175221,fragment,deposition,1621.0,-74.0,162.5,-74.16666666666667,163.45,2020-01-06,2020-11-18,317 days,2.7835,particle/m2/d,1,1
Jenner,2022,https://doi.org/10.3390/atmos13020265,fiber,deposition,,54.0,0.0,53.739996,-0.348044,2019-10-01,2020-10-31,384 days,282.70265625,particle/m2/d,13,1
Jenner,2022,https://doi.org/10.3390/atmos13020265,film,deposition,,54.0,0.0,53.739996,-0.348044,2019-10-01,2020-10-31,384 days,2104.56421875,particle/m2/d,13,1
Jenner,2022,https://doi.org/10.3390/atmos13020265,fragment,deposition,,54.0,0.0,53.739996,-0.348044,2019-10-01,2020-10-31,384 days,753.87375,particle/m2/d,13,1
Jia,2022,https://doi.org/10.1016/j.scitotenv.2022.157609,fiber,deposition,,32.0,122.5,31.2,121.45,2021-04-19,2021-07-09,3 days,4797.259523333334,particle/m2/d,3,1
Jia,2022,https://doi.org/10.1016/j.scitotenv.2022.157609,film,deposition,,32.0,122.5,31.2,121.45,2021-04-19,2021-07-09,3 days,1235.3513986666667,particle/m2/d,3,1
Jia,2022,https://doi.org/10.1016/j.scitotenv.2022.157609,sphere,deposition,,32.0,122.5,31.2,121.45,2021-04-19,2021-07-09,3 days,489.83574466666664,particle/m2/d,3,1
Kernchen,2022,https://doi.org/10.1016/j.scitotenv.2021.151812,fiber,deposition,,50.0,10.0,50.49769,9.93586,2018-03-22,2018-09-07,167 days,1.1194011976047904,particle/m2/d,7,1
Kernchen,2022,https://doi.org/10.1016/j.scitotenv.2021.151812,fiber,deposition,,52.0,10.0,51.58714124629079,9.432592729970326,2018-03-22,2018-10-06,337 days,1.1018991097922848,particle/m2/d,11,3
Kernchen,2022,https://doi.org/10.1016/j.scitotenv.2021.151812,fiber,deposition,,54.0,7.5,53.343104159999996,8.64153392,2018-03-22,2018-10-04,375 days,3.24272,particle/m2/d,14,2
Kernchen,2022,https://doi.org/10.1016/j.scitotenv.2021.151812,fragment,deposition,,50.0,10.0,50.49769,9.93586,2018-03-22,2018-09-07,167 days,54.29095808383234,particle/m2/d,7,1
Kernchen,2022,https://doi.org/10.1016/j.scitotenv.2021.151812,fragment,deposition,,52.0,10.0,51.58714124629079,9.432592729970326,2018-03-22,2018-10-06,337 days,53.442106824925816,particle/m2/d,11,3
Kernchen,2022,https://doi.org/10.1016/j.scitotenv.2021.151812,fragment,deposition,,54.0,7.5,53.343104159999996,8.64153392,2018-03-22,2018-10-04,375 days,157.27192,particle/m2/d,14,2
Kernchen,2024,https://doi.org/10.1007/s11869-024-01571-w,fragment,deposition,,52.0,10.0,51.32476,9.52471,2019-04-29,2020-01-02,248 days,22.623076923076923,particle/m2/d,8,1
Klein and Fischer,2019,https://doi.org/10.1016/j.scitotenv.2019.05.405,fiber,deposition,,54.0,10.0,53.53,10.006000000000002,2017-12-01,2018-02-28,89 days,13.75,particle/m2/d,1,1
Klein and Fischer,2019,https://doi.org/10.1016/j.scitotenv.2019.05.405,fragment,deposition,,54.0,10.0,53.53,10.006000000000002,2017-12-01,2018-02-28,89 days,261.25,particle/m2/d,1,1
Kyriakoudes,2023,https://doi.org/10.1016/j.chemosphere.2023.140258,fiber,deposition,,50.0,-5.0,50.37510000000001,-4.1384,2021-11-05,2021-12-17,42 days,34.60241714285714,particle/m2/d,12,1
Kyriakoudes,2023,https://doi.org/10.1016/j.chemosphere.2023.140258,fragment,deposition,,50.0,-5.0,50.37510000000001,-4.1384,2021-11-05,2021-12-17,42 days,5.515702857142856,particle/m2/d,12,1
Kyriakoudes,2023,https://doi.org/10.1016/j.chemosphere.2023.140258,sphere,deposition,,50.0,-5.0,50.37510000000001,-4.1384,2021-11-05,2021-12-17,42 days,2.930217142857143,particle/m2/d,12,1
Liao,2021,https://doi.org/10.1016/j.jhazmat.2021.126007,fragment,deposition,,-6.0,107.5,-6.116666666666666,106.85,2018-07-01,2018-12-31,178 days,1.303932584269663,particle/m2/d,6,1
Liu,2022,https://doi.org/10.1016/j.ecoenv.2022.113353,fiber,deposition,,36.0,102.5,36.0,103.7,2020-02-01,2020-08-31,210 days,159.74032714285715,particle/m2/d,3,1
Liu,2022,https://doi.org/10.1016/j.ecoenv.2022.113353,fragment,deposition,,36.0,102.5,36.0,103.7,2020-02-01,2020-08-31,210 days,149.3151319047619,particle/m2/d,3,1
Logvina,2024,https://doi.org/10.3390/microplastics3040043,sphere,deposition,,42.0,-7.5,41.151629,-8.637068,2022-09-29,2024-03-19,336 days,145.5,particle/m2/d,24,1
Lu,2024,https://doi.org/10.1016/j.scitotenv.2023.168834,fiber,deposition,,40.0,115.0,39.81,116.025,2021-09-01,2022-02-28,360 days,101.945,particle/m2/d,2,2
Lu,2024,https://doi.org/10.1016/j.scitotenv.2023.168834,fiber,deposition,,40.0,117.5,39.8775,116.5575,2021-09-01,2022-02-28,720 days,199.6575,particle/m2/d,4,4
Purwiyanto,2022,https://doi.org/10.1016/j.marpolbul.2021.113195,fiber,deposition,,-6.0,107.5,-6.116666666666666,106.85,2018-03-01,2019-02-28,353 days,12.410311614730878,particle/m2/d,12,1
Purwiyanto,2022,https://doi.org/10.1016/j.marpolbul.2021.113195,fragment,deposition,,-6.0,107.5,-6.116666666666666,106.85,2018-03-01,2019-02-28,175 days,1.875657142857143,particle/m2/d,6,1
Rao,2024,https://doi.org/10.1016/j.jhazmat.2023.132860,fiber,deposition,,32.0,120.0,32.12,118.96,2020-08-01,2021-08-01,348 days,60.06516091954023,particle/m2/d,12,1
Rao,2024,https://doi.org/10.1016/j.jhazmat.2023.132860,fragment,deposition,,32.0,120.0,32.12,118.96,2020-08-01,2021-08-01,348 days,240.26064367816093,particle/m2/d,12,1
Roblin,2020,https://doi.org/10.1021/acs.est.0c04000,fiber,deposition,,56.0,-7.5,55.37175,-7.33945,2017-06-01,2018-05-31,364 days,0.001179359781008001,particle/m2/d,1,1
Szewc,2021,https://doi.org/10.1016/j.scitotenv.2020.143272,fiber,deposition,,54.0,17.5,54.5,18.53333333333333,2017-01-12,2017-08-03,126 days,6.611111111111111,particle/m2/d,17,1
Szewc,2021,https://doi.org/10.1016/j.scitotenv.2020.143272,film,deposition,,54.0,17.5,54.5,18.53333333333333,2017-01-12,2017-08-03,126 days,1.0555555555555556,particle/m2/d,17,1
Szewc,2021,https://doi.org/10.1016/j.scitotenv.2020.143272,fragment,deposition,,54.0,17.5,54.5,18.53333333333333,2017-01-12,2017-08-03,126 days,2.388888888888889,particle/m2/d,17,1
Thinh,2020,https://doi.org/10.31276/vjste.62(3).83-89,fiber,deposition,,10.0,107.5,10.95,106.4333333333333,2018-12-20,2019-06-08,20 days,817.175,particle/m2/d,8,1
Thinh,2020,https://doi.org/10.31276/vjste.62(3).83-89,fragment,deposition,,10.0,107.5,10.95,106.4333333333333,2018-12-20,2019-06-08,20 days,464.385,particle/m2/d,8,1
Truong,2021,https://doi.org/10.1016/j.chemosphere.2021.129874,fiber,deposition,,10.0,107.5,10.894444444444444,106.51666666666667,2018-06-14,2019-06-26,72 days,281.8611111111111,particle/m2/d,72,3
Truong,2021,https://doi.org/10.1016/j.chemosphere.2021.129874,fragment,deposition,,10.0,107.5,10.894444444444444,106.51666666666667,2018-06-14,2019-06-26,72 days,4.652777777777778,particle/m2/d,72,3
Welsh,2022,https://doi.org/10.1016/j.scitotenv.2022.155426,fiber,deposition,,46.0,-80.0,45.224585413773795,-78.94330900895856,2019-02-20,2020-03-11,1786 days,5.4461422172452405,particle/m2/d,5,5
Welsh,2022,https://doi.org/10.1016/j.scitotenv.2022.155426,fragment,deposition,,46.0,-80.0,45.224585413773795,-78.94330900895856,2019-02-20,2020-03-11,1786 days,0.6731187010078388,particle/m2/d,5,5
Wright,2020,https://doi.org/10.1016/j.envint.2019.105411,fiber,deposition,,52.0,0.0,51.5111,-0.11710000000000001,2018-01-19,2018-02-16,28 days,712.0,particle/m2/d,1,1
Wright,2020,https://doi.org/10.1016/j.envint.2019.105411,sphere,deposition,,52.0,0.0,51.5111,-0.11710000000000001,2018-01-19,2018-02-16,28 days,59.0,particle/m2/d,1,1
Zhang,2023,https://doi.org/10.1016/j.scitotenv.2023.163567,fiber,deposition,,40.0,115.0,39.9666666667,115.433333333,2021-09-01,2022-02-28,180 days,114.894386,particle/m2/d,1,1
Zhang,2023,https://doi.org/10.1016/j.scitotenv.2023.163567,fiber,deposition,,40.0,117.5,40.1,116.5,2021-09-01,2022-02-28,360 days,248.1082065,particle/m2/d,2,2
Zhang,2023,https://doi.org/10.1016/j.scitotenv.2023.163567,film,deposition,,40.0,115.0,39.9666666667,115.433333333,2021-09-01,2022-02-28,180 days,6.818816000000001,particle/m2/d,1,1
Zhang,2023,https://doi.org/10.1016/j.scitotenv.2023.163567,film,deposition,,40.0,117.5,40.1,116.5,2021-09-01,2022-02-28,360 days,14.724864000000002,particle/m2/d,2,2
Zhang,2023,https://doi.org/10.1016/j.scitotenv.2023.163567,fragment,deposition,,40.0,115.0,39.9666666667,115.433333333,2021-09-01,2022-02-28,180 days,9.828684,particle/m2/d,1,1
Zhang,2023,https://doi.org/10.1016/j.scitotenv.2023.163567,fragment,deposition,,40.0,117.5,40.1,116.5,2021-09-01,2022-02-28,360 days,21.224510999999996,particle/m2/d,2,2
