author,year,doi,shape,measure,height,lat,lon,start_date,end_date,duration,number,number_units,n_obs,n_loc,size_min,size_max,size_units,obs_size_min,obs_size_max,mass,mass_units,alpha,c,c_units,shape_factor,density,density_units,ng/particle
Allen,2020,https://doi.org/10.1371/journal.pone.0232746,fragment,concentration,,44.21666666666667,-1.283333333333333,2018-10-05,2018-10-13,8 days,20025.94131204858,particle/m3,8,1,0.0871,100.0,µm,10.0,200.0,0.015928058700123454,µg/m3,2.7,537.125105266878,µm1.7*particle/m3,0.09684482953466136,1.0,g/cm3,0.0007953712862695926
Allen,2021,https://doi.org/10.1038/s41467-021-27454-7,fragment,concentration,,42.936802,0.14117,2017-06-23,2017-10-23,97 days,523.7964243537144,particle/m3,15,1,0.0871,100.0,µm,10.0,200.0,0.00041661263578162723,µg/m3,2.7,14.048988019361307,µm1.7*particle/m3,0.09684482953466136,1.0,g/cm3,0.0007953712862695926
Chen,2023,https://doi.org/10.1038/s41467-023-43695-0,fragment,concentration,,-73.86,76.97,2020-01-21,2020-01-30,8 days,3.828472996473845,particle/m3,2,1,0.0871,100.0,µm,10.0,200.0,3.0450574916538035e-06,µg/m3,2.7,0.10268525854538493,µm1.7*particle/m3,0.09684482953466136,1.0,g/cm3,0.0007953712862695926
Chen,2023,https://doi.org/10.1038/s41467-023-43695-0,fragment,concentration,,-69.3,76.23,2019-11-22,2019-11-25,3 days,6.829168047764096,particle/m3,1,1,0.0871,100.0,µm,10.0,200.0,5.431724174301333e-06,µg/m3,2.7,0.18316829902690124,µm1.7*particle/m3,0.09684482953466136,1.0,g/cm3,0.0007953712862695927
Chen,2023,https://doi.org/10.1038/s41467-023-43695-0,fragment,concentration,,-68.97,76.42,2019-11-20,2019-11-22,2 days,6.829168047764096,particle/m3,1,1,0.0871,100.0,µm,10.0,200.0,5.431724174301333e-06,µg/m3,2.7,0.18316829902690124,µm1.7*particle/m3,0.09684482953466136,1.0,g/cm3,0.0007953712862695927
Chen,2023,https://doi.org/10.1038/s41467-023-43695-0,fragment,concentration,,-65.62,77.77,2019-11-18,2019-11-20,2 days,8.898612910722921,particle/m3,1,1,0.0871,100.0,µm,10.0,200.0,7.077701196816894e-06,µg/m3,2.7,0.23867384418656853,µm1.7*particle/m3,0.09684482953466136,1.0,g/cm3,0.0007953712862695927
Chen,2023,https://doi.org/10.1038/s41467-023-43695-0,fragment,concentration,,-65.42,82.0,2020-03-12,2020-03-14,2 days,6.001390102580501,particle/m3,1,1,0.0871,100.0,µm,10.0,200.0,4.773333365295057e-06,µg/m3,2.7,0.1609660809630326,µm1.7*particle/m3,0.09684482953466136,1.0,g/cm3,0.0007953712862695927
Chen,2023,https://doi.org/10.1038/s41467-023-43695-0,fragment,concentration,,-65.22,152.27,2020-03-20,2020-03-24,4 days,35.801396129188305,particle/m3,2,2,0.0871,100.0,µm,10.0,200.0,2.847540248951972e-05,µg/m3,2.7,0.9602459312622607,µm1.7*particle/m3,0.09684482953466136,1.0,g/cm3,0.0007953712862695927
Chen,2023,https://doi.org/10.1038/s41467-023-43695-0,fragment,concentration,,-64.04,103.43,2020-03-14,2020-03-16,2 days,1.0347224314792536,particle/m3,1,1,0.0871,100.0,µm,10.0,200.0,8.229885112576543e-07,µg/m3,2.7,0.027752772579829367,µm1.7*particle/m3,0.09684482953466136,1.0,g/cm3,0.0007953712862695926
Chen,2023,https://doi.org/10.1038/s41467-023-43695-0,fragment,concentration,,-64.39,128.36,2020-03-16,2020-03-18,2 days,3.7250007533256957,particle/m3,1,1,0.0871,100.0,µm,10.0,200.0,2.9627586405278605e-06,µg/m3,2.7,0.09990998128739599,µm1.7*particle/m3,0.09684482953466136,1.0,g/cm3,0.0007953712862695927
Chen,2023,https://doi.org/10.1038/s41467-023-43695-0,fragment,concentration,,-64.74,146.33,2020-03-18,2020-03-20,2 days,0.8277779451832751,particle/m3,1,1,0.0871,100.0,µm,10.0,200.0,6.583908090060218e-07,µg/m3,2.7,0.022202218063860066,µm1.7*particle/m3,0.09684482953466136,1.0,g/cm3,0.0007953712862695925
Chen,2023,https://doi.org/10.1038/s41467-023-43695-0,fragment,concentration,,-61.65,89.95,2019-11-16,2019-11-18,2 days,22.143060033659793,particle/m3,1,1,0.0871,100.0,µm,10.0,200.0,1.76119541409168e-05,µg/m3,2.7,0.5939093332084495,µm1.7*particle/m3,0.09684482953466136,1.0,g/cm3,0.0007953712862695926
Chen,2023,https://doi.org/10.1038/s41467-023-43695-0,fragment,concentration,,-60.89,109.6,2019-11-14,2019-11-16,2 days,33.93889575252546,particle/m3,1,1,0.0871,100.0,µm,10.0,200.0,2.6994023169255793e-05,µg/m3,2.7,0.9102909406185627,µm1.7*particle/m3,0.09684482953466136,1.0,g/cm3,0.0007953712862695927
Chen,2023,https://doi.org/10.1038/s41467-023-43695-0,fragment,concentration,,-60.34,129.58,2019-11-12,2019-11-14,2 days,13.451391609232534,particle/m3,1,1,0.0871,100.0,µm,10.0,200.0,1.0698850646351288e-05,µg/m3,2.7,0.36078604353784177,µm1.7*particle/m3,0.09684482953466136,1.0,g/cm3,0.0007953712862695927
Chen,2023,https://doi.org/10.1038/s41467-023-43695-0,fragment,concentration,,-54.24,144.16,2019-11-10,2019-11-12,2 days,20.280559656996946,particle/m3,1,1,0.0871,100.0,µm,10.0,200.0,1.613057482065287e-05,µg/m3,2.7,0.5439543425647515,µm1.7*particle/m3,0.09684482953466136,1.0,g/cm3,0.0007953712862695925
Chen,2023,https://doi.org/10.1038/s41467-023-43695-0,fragment,concentration,,-45.85,147.42,2019-11-07,2019-11-10,3 days,62.29029037506206,particle/m3,1,1,0.0871,100.0,µm,10.0,200.0,4.954390837771954e-05,µg/m3,2.7,1.6707169093060228,µm1.7*particle/m3,0.09684482953466136,1.0,g/cm3,0.0007953712862695926
Chen,2023,https://doi.org/10.1038/s41467-023-43695-0,fragment,concentration,,-44.41,150.09,2020-04-02,2020-04-04,2 days,3.1041672944380805,particle/m3,1,1,0.0871,100.0,µm,10.0,200.0,2.4689655337732168e-06,µg/m3,2.7,0.08325831773949667,µm1.7*particle/m3,0.09684482953466136,1.0,g/cm3,0.0007953712862695924
Chen,2023,https://doi.org/10.1038/s41467-023-43695-0,fragment,concentration,,-34.27,153.05,2020-04-04,2020-04-06,2 days,12.416669177753278,particle/m3,1,1,0.0871,100.0,µm,10.0,200.0,9.875862135093631e-06,µg/m3,2.7,0.3330332709580124,µm1.7*particle/m3,0.09684482953466136,1.0,g/cm3,0.0007953712862695927
Chen,2023,https://doi.org/10.1038/s41467-023-43695-0,fragment,concentration,,-24.05,155.57,2020-04-06,2020-04-08,2 days,19.038892739221396,particle/m3,1,1,0.0871,100.0,µm,10.0,200.0,1.514298860714333e-05,µg/m3,2.7,0.5106510154689443,µm1.7*particle/m3,0.09684482953466136,1.0,g/cm3,0.0007953712862695926
Chen,2023,https://doi.org/10.1038/s41467-023-43695-0,fragment,concentration,,-13.66,155.27,2020-04-08,2020-04-10,2 days,16.348614417374954,particle/m3,1,1,0.0871,100.0,µm,10.0,200.0,1.3003218477873124e-05,µg/m3,2.7,0.43849380676137767,µm1.7*particle/m3,0.09684482953466136,1.0,g/cm3,0.0007953712862695926
Chen,2023,https://doi.org/10.1038/s41467-023-43695-0,fragment,concentration,,-4.71,152.56,2020-04-10,2020-04-12,2 days,164.52086660523074,particle/m3,1,1,0.0871,100.0,µm,10.0,200.0,0.00013085517328999044,µg/m3,2.7,4.412690840193658,µm1.7*particle/m3,0.09684482953466136,1.0,g/cm3,0.0007953712862695926
Chen,2023,https://doi.org/10.1038/s41467-023-43695-0,fragment,concentration,,5.12,146.94,2020-04-12,2020-04-14,2 days,23.177782465139366,particle/m3,1,1,0.0871,100.0,µm,10.0,200.0,1.8434942652174712e-05,µg/m3,2.7,0.6216621057882875,µm1.7*particle/m3,0.09684482953466136,1.0,g/cm3,0.0007953712862695928
Chen,2023,https://doi.org/10.1038/s41467-023-43695-0,fragment,concentration,,12.79,139.81,2020-04-14,2020-04-16,2 days,6.829168047764096,particle/m3,1,1,0.0871,100.0,µm,10.0,200.0,5.431724174301333e-06,µg/m3,2.7,0.18316829902690124,µm1.7*particle/m3,0.09684482953466136,1.0,g/cm3,0.0007953712862695927
Chen,2023,https://doi.org/10.1038/s41467-023-43695-0,fragment,concentration,,18.67,134.05,2020-04-16,2020-04-18,2 days,14.900003013303744,particle/m3,1,1,0.0871,100.0,µm,10.0,200.0,1.1851034562112204e-05,µg/m3,2.7,0.3996399251496097,µm1.7*particle/m3,0.09684482953466136,1.0,g/cm3,0.0007953712862695925
Chen,2023,https://doi.org/10.1038/s41467-023-43695-0,fragment,concentration,,24.97,128.18,2020-04-18,2020-04-20,2 days,20.280559656996946,particle/m3,1,1,0.0871,100.0,µm,10.0,200.0,1.613057482065287e-05,µg/m3,2.7,0.5439543425647515,µm1.7*particle/m3,0.09684482953466136,1.0,g/cm3,0.0007953712862695925
Chen,2023,https://doi.org/10.1038/s41467-023-43695-0,fragment,concentration,,30.2,123.06,2020-04-20,2020-04-22,2 days,1.6555558903668695,particle/m3,1,1,0.0871,100.0,µm,10.0,200.0,1.3167816180122977e-06,µg/m3,2.7,0.044404436127728694,µm1.7*particle/m3,0.09684482953466136,1.0,g/cm3,0.0007953712862695926
Ding,2021,https://doi.org/10.1016/j.atmosenv.2021.118389,fragment,concentration,,18.271666666666672,111.057,2019-10-03,2019-10-06,3 days,22.260736882005286,particle/m3,3,3,0.0871,100.0,µm,10.0,200.0,1.7705550927149506e-05,µg/m3,2.7,0.5970655988026674,µm1.7*particle/m3,0.09684482953466136,1.0,g/cm3,0.0007953712862695926
Ding,2021,https://doi.org/10.1016/j.atmosenv.2021.118389,fragment,concentration,,19.34133333333333,112.51566666666668,2019-10-01,2019-10-07,3 days,27.32348015299489,particle/m3,3,3,0.0871,100.0,µm,10.0,200.0,2.1732311554649228e-05,µg/m3,2.7,0.7328557956276921,µm1.7*particle/m3,0.09684482953466136,1.0,g/cm3,0.0007953712862695925
Ding,2021,https://doi.org/10.1016/j.atmosenv.2021.118389,fragment,concentration,,20.551375,114.576625,2019-09-27,2019-10-01,4 days,32.90514640553478,particle/m3,4,4,0.0871,100.0,µm,10.0,200.0,2.617180862145946e-05,µg/m3,2.7,0.8825642675913192,µm1.7*particle/m3,0.09684482953466136,1.0,g/cm3,0.0007953712862695925
Ding,2021,https://doi.org/10.1016/j.atmosenv.2021.118389,fragment,concentration,,22.836,113.65,2019-10-08,2019-10-09,1 days,56.082164941941585,particle/m3,1,1,0.0871,100.0,µm,10.0,200.0,4.460614366665554e-05,µg/m3,2.7,1.5042058836910324,µm1.7*particle/m3,0.09684482953466136,1.0,g/cm3,0.0007953712862695927
Ding,2021,https://doi.org/10.1016/j.atmosenv.2021.118389,fragment,concentration,,22.018,114.4815,2019-09-26,2019-09-27,1 days,40.99595965308322,particle/m3,1,1,0.0871,100.0,µm,10.0,200.0,3.2607009161129125e-05,µg/m3,2.7,1.0995717405269099,µm1.7*particle/m3,0.09684482953466136,1.0,g/cm3,0.0007953712862695927
Gaston,2020,https://doi.org/10.1177/0003702820920652,fragment,concentration,,34.15,-119.0333333333333,2019-01-01,2019-03-31,89 days,17899.03931762278,particle/m3,1,1,0.0871,100.0,µm,10.0,200.0,0.014236381925047642,µg/m3,2.7,480.07847560553165,µm1.7*particle/m3,0.09684482953466136,1.0,g/cm3,0.0007953712862695925
Guo,2024,https://doi.org/10.1007/s10653-024-02125-w,fragment,concentration,,29.633333333333333,91.16666666666669,2023-02-20,2023-02-23,2 days,20919.50220247163,particle/m3,2,1,0.0871,100.0,µm,10.0,200.0,0.016638771374899435,µg/m3,2.7,561.0917183639652,µm1.7*particle/m3,0.09684482953466136,1.0,g/cm3,0.0007953712862695925
Kaushik,2024,https://doi.org/10.1016/j.scitotenv.2023.168705,fragment,concentration,,15.45,73.2,2016-03-01,2020-11-30,118 days,1465.1317141195768,particle/m3,4,1,0.0871,100.0,µm,10.0,200.0,0.001165323696013661,µg/m3,2.7,39.296980547069026,µm1.7*particle/m3,0.09684482953466136,1.0,g/cm3,0.0007953712862695926
Kyriakoudes,2023,https://doi.org/10.1016/j.chemosphere.2023.140258,fragment,concentration,,50.37510000000001,-4.1384,2021-11-05,2021-12-17,42 days,86.71627941242339,particle/m3,12,1,0.0871,100.0,µm,10.0,200.0,6.897163869677258e-05,µg/m3,2.7,2.325857745309911,µm1.7*particle/m3,0.09684482953466136,1.0,g/cm3,0.0007953712862695925
Li,2021,https://doi.org/10.1016/j.scitotenv.2021.150767,fragment,concentration,,18.24,109.43,2020-07-31,2020-08-02,2 days,6.040925769697689,particle/m3,1,1,0.0871,100.0,µm,10.0,200.0,4.804778899703579e-06,µg/m3,2.7,0.16202648551686696,µm1.7*particle/m3,0.09684482953466136,1.0,g/cm3,0.0007953712862695925
Li,2021,https://doi.org/10.1016/j.scitotenv.2021.150767,fragment,concentration,,17.3125,113.15625,2020-07-25,2020-08-14,16 days,3.236210233766619,particle/m3,2,2,0.0871,100.0,µm,10.0,200.0,2.5739886962697744e-06,µg/m3,2.7,0.08679990295546444,µm1.7*particle/m3,0.09684482953466136,1.0,g/cm3,0.0007953712862695924
Liu,2019,https://doi.org/10.1016/j.envint.2019.105127,fragment,concentration,,31.0,121.4,2019-05-01,2019-06-30,60 days,109.31199011833849,particle/m3,1,1,0.0871,100.0,µm,10.0,200.0,8.694361818511189e-05,µg/m3,2.7,2.931907833162337,µm1.7*particle/m3,0.09684482953466136,1.0,g/cm3,0.0007953712862695927
Liu,2019,https://doi.org/10.1021/acs.est.9b03427,fragment,concentration,,12.5,142.0,2018-12-08,2018-12-22,14 days,1.7379894129658346,particle/m3,2,1,0.0871,100.0,µm,10.0,200.0,1.3823468749135698e-06,µg/m3,2.7,0.04661542405651332,µm1.7*particle/m3,0.09684482953466136,1.0,g/cm3,0.0007953712862695924
Liu,2019,https://doi.org/10.1021/acs.est.9b03427,fragment,concentration,,21.0,130.0,2018-12-01,2018-12-29,14 days,1.0421635024057565,particle/m3,2,1,0.0871,100.0,µm,10.0,200.0,8.289069254116901e-07,µg/m3,2.7,0.02795235301115179,µm1.7*particle/m3,0.09684482953466136,1.0,g/cm3,0.0007953712862695925
Liu,2019,https://doi.org/10.1021/acs.est.9b03427,fragment,concentration,,28.0,122.5,2018-11-24,2019-01-03,12 days,42.00999983935012,particle/m3,2,1,0.0871,100.0,µm,10.0,200.0,3.341354760840929e-05,µg/m3,2.7,1.1267697849686837,µm1.7*particle/m3,0.09684482953466136,1.0,g/cm3,0.0007953712862695926
Liu,2025,https://doi.org/10.1016/j.jes.2023.09.027,fragment,concentration,,33.99,119.84,2022-01-22,2022-02-06,2 days,69198.96450473808,particle/m3,2,1,0.0871,100.0,µm,10.0,200.0,0.055038869406657406,µg/m3,2.7,1856.0176780106715,µm1.7*particle/m3,0.09684482953466136,1.0,g/cm3,0.0007953712862695926
Long,2024,https://doi.org/10.1029/2024jd041546,fragment,concentration,,42.13333333333333,114.8,2023-04-19,2023-05-08,20 days,0.11694679979063796,particle/m3,20,1,0.0871,100.0,µm,10.0,200.0,9.301612657459225e-08,µg/m3,2.7,0.0031366846216800966,µm1.7*particle/m3,0.09684482953466136,1.0,g/cm3,0.0007953712862695926
Nafea,2024,https://doi.org/10.1016/j.envpol.2024.125567,fragment,concentration,,29.775,121.725,2023-04-20,2024-12-23,94 days,88.97801499992804,particle/m3,94,2,0.0871,100.0,µm,10.0,200.0,7.077055824020786e-05,µg/m3,2.7,2.3865208096120805,µm1.7*particle/m3,0.09684482953466136,1.0,g/cm3,0.0007953712862695925
Rao,2024,https://doi.org/10.1016/j.jhazmat.2023.132860,fragment,concentration,,32.12,118.96,2020-08-01,2021-08-01,348 days,2106.820163112121,particle/m3,12,1,0.0871,100.0,µm,10.0,200.0,0.001675704263073201,µg/m3,2.7,56.50800550429746,µm1.7*particle/m3,0.09684482953466136,1.0,g/cm3,0.0007953712862695927
Sharaf,2024,https://doi.org/10.1016/j.scitotenv.2023.168398,fragment,concentration,,33.645572,72.990345,2022-12-07,2022-12-23,9 days,915.8341784183656,particle/m3,9,1,0.0871,100.0,µm,10.0,200.0,0.0007284282084982711,µg/m3,2.7,24.564015335149705,µm1.7*particle/m3,0.09684482953466136,1.0,g/cm3,0.0007953712862695927
Shruti,2022,https://doi.org/10.1016/j.scitotenv.2022.157601,fragment,concentration,,19.424,-99.139,2020-01-01,2020-09-30,177 days,136.38537056319973,particle/m3,6,1,0.0871,100.0,µm,10.0,200.0,0.00010847700761320721,µg/m3,2.7,3.6580555879561296,µm1.7*particle/m3,0.09684482953466136,1.0,g/cm3,0.0007953712862695926
Trainic,2020,https://doi.org/10.1038/s43247-020-00061-y,fragment,concentration,,25.95,-70.900002,2016-06-23,2016-06-24,1 days,63.925140420081355,particle/m3,1,1,0.0871,100.0,µm,10.0,200.0,5.084422116088444e-05,µg/m3,2.7,1.7145659843054704,µm1.7*particle/m3,0.09684482953466136,1.0,g/cm3,0.0007953712862695927
Trainic,2020,https://doi.org/10.1038/s43247-020-00061-y,fragment,concentration,,25.8499995,-67.650002,2016-06-22,2016-06-23,1 days,223.73799147028484,particle/m3,1,1,0.0871,100.0,µm,10.0,200.0,0.00017795477406309557,µg/m3,2.7,6.000980945069148,µm1.7*particle/m3,0.09684482953466136,1.0,g/cm3,0.0007953712862695925
Trainic,2020,https://doi.org/10.1038/s43247-020-00061-y,fragment,concentration,,26.5,-50.3999995,2016-06-15,2016-06-16,1 days,95.88771063012204,particle/m3,1,1,0.0871,100.0,µm,10.0,200.0,7.626633174132665e-05,µg/m3,2.7,2.5718489764582055,µm1.7*particle/m3,0.09684482953466136,1.0,g/cm3,0.0007953712862695924
Trainic,2020,https://doi.org/10.1038/s43247-020-00061-y,fragment,concentration,,32.2,-38.450001,2016-06-10,2016-06-11,1 days,223.73799147028484,particle/m3,1,1,0.0871,100.0,µm,10.0,200.0,0.00017795477406309557,µg/m3,2.7,6.000980945069148,µm1.7*particle/m3,0.09684482953466136,1.0,g/cm3,0.0007953712862695925
Trainic,2020,https://doi.org/10.1038/s43247-020-00061-y,fragment,concentration,,36.3999995,-30.350000500000004,2016-06-07,2016-06-08,1 days,191.7754212602441,particle/m3,1,1,0.0871,100.0,µm,10.0,200.0,0.0001525326634826533,µg/m3,2.7,5.143697952916411,µm1.7*particle/m3,0.09684482953466136,1.0,g/cm3,0.0007953712862695924
Trainic,2020,https://doi.org/10.1038/s43247-020-00061-y,fragment,concentration,,39.3500005,-19.75,2016-06-02,2016-06-03,1 days,223.73799147028484,particle/m3,1,1,0.0871,100.0,µm,10.0,200.0,0.00017795477406309557,µg/m3,2.7,6.000980945069148,µm1.7*particle/m3,0.09684482953466136,1.0,g/cm3,0.0007953712862695925
Trainic,2020,https://doi.org/10.1038/s43247-020-00061-y,fragment,concentration,,43.8500005,-12.45,2016-05-31,2016-06-01,1 days,255.70056168032542,particle/m3,1,1,0.0871,100.0,µm,10.0,200.0,0.00020337688464353777,µg/m3,2.7,6.858263937221881,µm1.7*particle/m3,0.09684482953466136,1.0,g/cm3,0.0007953712862695927
Trainic,2020,https://doi.org/10.1038/s43247-020-00061-y,fragment,concentration,,46.0500015,-8.0,2016-05-29,2016-05-30,1 days,223.73799147028484,particle/m3,1,1,0.0871,100.0,µm,10.0,200.0,0.00017795477406309557,µg/m3,2.7,6.000980945069148,µm1.7*particle/m3,0.09684482953466136,1.0,g/cm3,0.0007953712862695925
Wang,2020,https://doi.org/10.1016/j.jhazmat.2019.121846,fragment,concentration,,-4.19,88.21,2019-03-20,2019-04-25,36 days,2.81270617848358,particle/m3,1,1,0.0871,100.0,µm,10.0,200.0,2.2371457310789156e-06,µg/m3,2.7,0.0754409033094407,µm1.7*particle/m3,0.09684482953466136,1.0,g/cm3,0.0007953712862695927
Wang,2020,https://doi.org/10.1016/j.jhazmat.2019.121846,fragment,concentration,,0.19,87.46,2019-03-20,2019-04-25,36 days,6.328588901588056,particle/m3,1,1,0.0871,100.0,µm,10.0,200.0,5.033577894927561e-06,µg/m3,2.7,0.1697420324462416,µm1.7*particle/m3,0.09684482953466136,1.0,g/cm3,0.0007953712862695927
Wang,2020,https://doi.org/10.1016/j.jhazmat.2019.121846,fragment,concentration,,2.73,87.28,2019-03-20,2019-04-25,36 days,4.21905926772537,particle/m3,1,1,0.0871,100.0,µm,10.0,200.0,3.3557185966183735e-06,µg/m3,2.7,0.11316135496416106,µm1.7*particle/m3,0.09684482953466136,1.0,g/cm3,0.0007953712862695926
Wang,2020,https://doi.org/10.1016/j.jhazmat.2019.121846,fragment,concentration,,1.85,108.35,2019-03-20,2019-04-25,36 days,2.81270617848358,particle/m3,1,1,0.0871,100.0,µm,10.0,200.0,2.2371457310789156e-06,µg/m3,2.7,0.0754409033094407,µm1.7*particle/m3,0.09684482953466136,1.0,g/cm3,0.0007953712862695927
Wang,2020,https://doi.org/10.1016/j.jhazmat.2019.121846,fragment,concentration,,14.33,112.48,2019-03-20,2019-04-25,36 days,8.086530263140293,particle/m3,1,1,0.0871,100.0,µm,10.0,200.0,6.431793976851883e-06,µg/m3,2.7,0.21689259701464203,µm1.7*particle/m3,0.09684482953466136,1.0,g/cm3,0.0007953712862695927
Wang,2020,https://doi.org/10.1016/j.jhazmat.2019.121846,fragment,concentration,,22.39,113.63,2019-03-20,2019-04-25,72 days,18.80997256860894,particle/m3,2,2,0.0871,100.0,µm,10.0,200.0,1.496091207659025e-05,µg/m3,2.7,0.5045110408818847,µm1.7*particle/m3,0.09684482953466136,1.0,g/cm3,0.0007953712862695927
Wang,2020,https://doi.org/10.1016/j.jhazmat.2019.121846,fragment,concentration,,22.02,114.48,2019-03-20,2019-04-25,36 days,6.680177173898502,particle/m3,1,1,0.0871,100.0,µm,10.0,200.0,5.313221111312423e-06,µg/m3,2.7,0.17917214535992165,µm1.7*particle/m3,0.09684482953466136,1.0,g/cm3,0.0007953712862695925
Wang,2021,https://doi.org/10.1016/j.jhazmat.2021.125477,fragment,concentration,,18.25,110.75,2020-05-31,2020-07-10,80 days,1.8081200625874319,particle/m3,2,2,0.0871,100.0,µm,10.0,200.0,1.4381267799100222e-06,µg/m3,2.7,0.04849643089526659,µm1.7*particle/m3,0.09684482953466136,1.0,g/cm3,0.0007953712862695927
Wang,2021,https://doi.org/10.1016/j.jhazmat.2021.125477,fragment,concentration,,19.33333333333333,110.66666666666669,2020-05-31,2020-07-10,120 days,0.02944437934668468,particle/m3,3,2,0.0871,100.0,µm,10.0,200.0,2.3419213874382425e-08,µg/m3,2.7,0.0007897414213728187,µm1.7*particle/m3,0.09684482953466136,1.0,g/cm3,0.0007953712862695927
Wang,2021,https://doi.org/10.1016/j.jhazmat.2021.125477,fragment,concentration,,20.0,112.16666666666669,2020-05-31,2020-07-10,120 days,1.4374771256337586,particle/m3,3,3,0.0871,100.0,µm,10.0,200.0,1.1433280303984396e-06,µg/m3,2.7,0.03855524394052957,µm1.7*particle/m3,0.09684482953466136,1.0,g/cm3,0.0007953712862695927
Wang,2021,https://doi.org/10.1016/j.jhazmat.2021.125477,fragment,concentration,,21.416666666666668,112.53333333333332,2020-05-31,2020-07-10,240 days,0.963356140846637,particle/m3,6,6,0.0871,100.0,µm,10.0,200.0,7.662258128809005e-07,µg/m3,2.7,0.02583862403763385,µm1.7*particle/m3,0.09684482953466136,1.0,g/cm3,0.0007953712862695926
Wang,2021,https://doi.org/10.1016/j.jhazmat.2021.125477,fragment,concentration,,21.666666666666668,115.11666666666666,2020-05-31,2020-07-10,240 days,4.098344525921522,particle/m3,6,6,0.0871,100.0,µm,10.0,200.0,3.259705557158145e-06,µg/m3,2.7,0.10992360861364889,µm1.7*particle/m3,0.09684482953466136,1.0,g/cm3,0.0007953712862695925
Xu,2024,https://doi.org/10.1021/acs.estlett.3c00729,fragment,concentration,1545.0,36.27,117.1,2021-06-26,2021-07-28,16 days,697.9842115822829,particle/m3,16,1,0.0871,100.0,µm,10.0,200.0,0.0005551566001620678,µg/m3,2.7,18.72095984298084,µm1.7*particle/m3,0.09684482953466136,1.0,g/cm3,0.0007953712862695926
Yuan,2023,https://doi.org/10.1016/j.scitotenv.2023.165190,fragment,concentration,,23.108889,113.318889,2021-09-09,2021-09-27,18 days,159.81285105020342,particle/m3,1,1,0.0871,100.0,µm,10.0,200.0,0.0001271105529022111,µg/m3,2.7,4.286414960763676,µm1.7*particle/m3,0.09684482953466136,1.0,g/cm3,0.0007953712862695925
Zhu,2021,https://doi.org/10.1021/acs.est.1c03618,fragment,concentration,,30.266666666666666,120.15,2019-08-01,2019-09-30,60 days,786279.2271670009,particle/m3,1,1,0.0871,100.0,µm,10.0,200.0,0.6253839202788788,µg/m3,2.7,21089.16160695729,µm1.7*particle/m3,0.09684482953466136,1.0,g/cm3,0.0007953712862695927
Zhu,2021,https://doi.org/10.1021/acs.est.1c03618,fragment,concentration,,32.01666666666667,118.78333333333332,2019-08-01,2019-09-30,60 days,565737.4927177201,particle/m3,1,1,0.0871,100.0,µm,10.0,200.0,0.4499713572738273,µg/m3,2.7,15173.908961103414,µm1.7*particle/m3,0.09684482953466136,1.0,g/cm3,0.0007953712862695925
Zhu,2021,https://doi.org/10.1021/acs.est.1c03618,fragment,concentration,,31.23333333333333,121.43333333333328,2019-08-01,2019-09-30,60 days,853400.6246080863,particle/m3,1,1,0.0871,100.0,µm,10.0,200.0,0.6787703524978074,µg/m3,2.7,22889.45589047803,µm1.7*particle/m3,0.09684482953466136,1.0,g/cm3,0.0007953712862695926
Zhu,2021,https://doi.org/10.1021/acs.est.1c03618,fragment,concentration,,39.99166666666667,116.76666666666668,2019-08-01,2019-09-30,120 days,1145858.1420299585,particle/m3,2,2,0.0871,100.0,µm,10.0,200.0,0.9113826643088537,µg/m3,2.7,30733.59526867556,µm1.7*particle/m3,0.09684482953466136,1.0,g/cm3,0.0007953712862695926
Allen,2019,https://doi.org/10.1038/s41561-019-0335-5,fragment,deposition,1425.0,42.8,1.416666666666667,2017-11-16,2018-04-09,140 days,283635.93806521036,particle/m2/d,5,1,0.0871,100.0,µm,10.0,200.0,0.00025790226328207774,t/km2/yr,2.5,10936.816178600995,µm1.5*particle/d/m2,0.09684482953466136,1.0,g/cm3,0.002489451510787215
Amato,2022,https://doi.org/10.1016/j.scitotenv.2022.153450,fragment,deposition,,-23.55,-46.66666666666666,2019-10-15,2020-12-15,304 days,22008.564925567774,particle/m2/d,20,1,0.0871,100.0,µm,10.0,200.0,2.0011775463338883e-05,t/km2/yr,2.5,848.6358625344586,µm1.5*particle/d/m2,0.09684482953466136,1.0,g/cm3,0.002489451510787216
Ankit,2024,https://doi.org/10.1016/j.envpol.2024.124629,fragment,deposition,,30.663486666666664,76.72797033333333,2021-10-20,2022-02-23,378 days,84192.57338966132,particle/m2/d,54,3,0.0871,100.0,µm,10.0,200.0,7.655396342526941e-05,t/km2/yr,2.5,3246.4105396770988,µm1.5*particle/d/m2,0.09684482953466136,1.0,g/cm3,0.002489451510787216
Aves,2024,https://doi.org/10.1016/j.atmosenv.2024.120437,fragment,deposition,1031.0,-43.9853,170.4641,2020-07-06,2020-07-13,7 days,53838.572283237016,particle/m2/d,7,1,0.0871,100.0,µm,10.0,200.0,4.895391514361015e-05,t/km2/yr,2.5,2075.980118727798,µm1.5*particle/d/m2,0.09684482953466136,1.0,g/cm3,0.002489451510787216
Brahney,2020,https://doi.org/10.1126/science.aaz5819,fragment,deposition,,34.0695,-116.3889,2018-01-02,2019-07-02,427 days,20924.454820382918,particle/m2/d,10,1,0.0871,100.0,µm,10.0,200.0,1.902602432164165e-05,t/km2/yr,2.5,806.8332862507557,µm1.5*particle/d/m2,0.09684482953466136,1.0,g/cm3,0.002489451510787215
Brahney,2020,https://doi.org/10.1126/science.aaz5819,fragment,deposition,,36.0586,-112.184,2017-11-01,2019-07-02,427 days,29233.5962175845,particle/m2/d,15,1,0.0871,100.0,µm,10.0,200.0,2.658129530347475e-05,t/km2/yr,2.5,1127.228341556845,µm1.5*particle/d/m2,0.09684482953466136,1.0,g/cm3,0.002489451510787215
Brahney,2020,https://doi.org/10.1126/science.aaz5819,fragment,deposition,,37.6186,-112.1728,2018-01-02,2019-07-02,427 days,17933.72870738236,particle/m2/d,24,1,0.0871,100.0,µm,10.0,200.0,1.6306640316000156e-05,t/km2/yr,2.5,691.5128442730933,µm1.5*particle/d/m2,0.09684482953466136,1.0,g/cm3,0.0024894515107872156
Brahney,2020,https://doi.org/10.1126/science.aaz5819,fragment,deposition,,38.4584,-109.821,2017-09-26,2019-06-18,273 days,21571.04805352829,particle/m2/d,20,1,0.0871,100.0,µm,10.0,200.0,1.9613953550175198e-05,t/km2/yr,2.5,831.7654982316382,µm1.5*particle/d/m2,0.09684482953466136,1.0,g/cm3,0.0024894515107872156
Brahney,2020,https://doi.org/10.1126/science.aaz5819,fragment,deposition,,38.9561,-106.986,2017-10-03,2019-07-02,427 days,27150.04211484579,particle/m2/d,31,1,0.0871,100.0,µm,10.0,200.0,2.468677755501006e-05,t/km2/yr,2.5,1046.887858699612,µm1.5*particle/d/m2,0.09684482953466136,1.0,g/cm3,0.0024894515107872156
Brahney,2020,https://doi.org/10.1126/science.aaz5819,fragment,deposition,,39.0054,-114.217,2017-09-19,2019-07-02,427 days,43580.10057008737,particle/m2/d,20,1,0.0871,100.0,µm,10.0,200.0,3.9626172366430045e-05,t/km2/yr,2.5,1680.4201619556732,µm1.5*particle/d/m2,0.09684482953466136,1.0,g/cm3,0.0024894515107872156
Brahney,2020,https://doi.org/10.1126/science.aaz5819,fragment,deposition,,40.7543,-109.4671,2018-03-13,2019-06-04,399 days,30860.50945431846,particle/m2/d,11,1,0.0871,100.0,µm,10.0,200.0,2.8060602223392606e-05,t/km2/yr,2.5,1189.9610514174735,µm1.5*particle/d/m2,0.09684482953466136,1.0,g/cm3,0.002489451510787215
Brahney,2020,https://doi.org/10.1126/science.aaz5819,fragment,deposition,,40.164629590488765,-105.6238568031704,2017-09-12,2019-07-03,757 days,45370.266744765024,particle/m2/d,44,2,0.0871,100.0,µm,10.0,200.0,4.125392063856275e-05,t/km2/yr,2.5,1749.447798281143,µm1.5*particle/d/m2,0.09684482953466136,1.0,g/cm3,0.002489451510787216
Brahney,2020,https://doi.org/10.1126/science.aaz5819,fragment,deposition,,42.929,-109.7875,2017-09-19,2019-07-02,296 days,15484.15189183186,particle/m2/d,24,1,0.0871,100.0,µm,10.0,200.0,1.4079308303268632e-05,t/km2/yr,2.5,597.0587651116605,µm1.5*particle/d/m2,0.09684482953466136,1.0,g/cm3,0.002489451510787216
Brahney,2020,https://doi.org/10.1126/science.aaz5819,fragment,deposition,,43.4605,-113.5551,2017-10-03,2019-06-11,300 days,21110.42943031764,particle/m2/d,20,1,0.0871,100.0,µm,10.0,200.0,1.9195125857724634e-05,t/km2/yr,2.5,814.0043455199639,µm1.5*particle/d/m2,0.09684482953466136,1.0,g/cm3,0.002489451510787215
Chen,2024,https://doi.org/10.1016/j.envpol.2024.124192,fragment,deposition,,30.706666666666667,104.05333333333331,2021-07-04,2021-09-25,415 days,151900.14310061396,particle/m2/d,5,5,0.0871,100.0,µm,10.0,200.0,0.00013811857187685813,t/km2/yr,2.5,5857.17012423388,µm1.5*particle/d/m2,0.09684482953466136,1.0,g/cm3,0.002489451510787216
Edo,2023,https://doi.org/10.1016/j.scitotenv.2023.166923,fragment,deposition,,28.185,-15.805,2021-05-01,2022-02-01,246 days,4375.239385841281,particle/m2/d,8,2,0.0871,100.0,µm,10.0,200.0,3.978283385760266e-06,t/km2/yr,2.5,168.70636784158077,µm1.5*particle/d/m2,0.09684482953466136,1.0,g/cm3,0.002489451510787215
Edo,2023,https://doi.org/10.1016/j.scitotenv.2023.166923,fragment,deposition,,38.11,-1.17,2021-05-01,2022-02-01,123 days,6306.5201533597665,particle/m2/d,4,1,0.0871,100.0,µm,10.0,200.0,5.734343229141794e-06,t/km2/yr,2.5,243.17529053064067,µm1.5*particle/d/m2,0.09684482953466136,1.0,g/cm3,0.0024894515107872156
Edo,2023,https://doi.org/10.1016/j.scitotenv.2023.166923,fragment,deposition,,40.555,-3.525,2021-05-01,2022-02-01,246 days,2010.9011913176412,particle/m2/d,8,2,0.0871,100.0,µm,10.0,200.0,1.8284564784530653e-06,t/km2/yr,2.5,77.53903413224896,µm1.5*particle/d/m2,0.09684482953466136,1.0,g/cm3,0.002489451510787216
Edo,2023,https://doi.org/10.1016/j.scitotenv.2023.166923,fragment,deposition,,42.19,-8.82,2021-05-01,2022-02-01,123 days,12638.528552143043,particle/m2/d,4,1,0.0871,100.0,µm,10.0,200.0,1.1491862210364416e-05,t/km2/yr,2.5,487.33339112693636,µm1.5*particle/d/m2,0.09684482953466136,1.0,g/cm3,0.002489451510787216
Edo,2023,https://doi.org/10.1016/j.scitotenv.2023.166923,fragment,deposition,,42.52333333333333,-2.9033333333333333,2021-05-01,2022-02-01,369 days,10398.556812273164,particle/m2/d,12,3,0.0871,100.0,µm,10.0,200.0,9.455118258448425e-06,t/km2/yr,2.5,400.96154653161017,µm1.5*particle/d/m2,0.09684482953466136,1.0,g/cm3,0.002489451510787216
Edo,2023,https://doi.org/10.1016/j.scitotenv.2023.166923,fragment,deposition,,41.44,2.13,2021-05-01,2022-02-01,123 days,17691.998011444182,particle/m2/d,4,1,0.0871,100.0,µm,10.0,200.0,1.608684132292307e-05,t/km2/yr,2.5,682.1918668108037,µm1.5*particle/d/m2,0.09684482953466136,1.0,g/cm3,0.002489451510787216
Elnahas,2024,https://doi.org/10.1021/acsestair.4c00189,fragment,deposition,,37.26,-80.52,2023-03-22,2023-09-09,210 days,33938.205644389105,particle/m2/d,10,2,0.0871,100.0,µm,10.0,200.0,3.085906569924227e-05,t/km2/yr,2.5,1308.63500265931,µm1.5*particle/d/m2,0.09684482953466136,1.0,g/cm3,0.0024894515107872156
Hamilton,2021,https://doi.org/10.1016/j.scitotenv.2021.145536,fragment,deposition,,67.2,-62.5,2018-08-10,2018-08-12,2 days,544827.6312281439,particle/m2/d,1,1,0.0871,100.0,µm,10.0,200.0,0.0004953965994254457,t/km2/yr,2.5,21008.196959846708,µm1.5*particle/d/m2,0.09684482953466136,1.0,g/cm3,0.002489451510787215
Hee,2023,https://doi.org/10.1016/j.scitotenv.2023.166153,fragment,deposition,,2.9245,101.77317,2020-08-01,2021-05-31,294 days,228845.24550818512,particle/m2/d,10,1,0.0871,100.0,µm,10.0,200.0,0.000208082611676432,t/km2/yr,2.5,8824.122925122458,µm1.5*particle/d/m2,0.09684482953466136,1.0,g/cm3,0.002489451510787215
Hee,2023,https://doi.org/10.1016/j.scitotenv.2023.166153,fragment,deposition,,5.612415,103.0468666665,2020-08-01,2021-05-31,588 days,189847.8677501677,particle/m2/d,20,2,0.0871,100.0,µm,10.0,200.0,0.00017262338159978872,t/km2/yr,2.5,7320.409556159876,µm1.5*particle/d/m2,0.09684482953466136,1.0,g/cm3,0.002489451510787216
Huang,2021,https://doi.org/10.1016/j.jhazmat.2021.126168,fragment,deposition,,23.2,113.4,2018-08-01,2019-07-31,362 days,29407.457115389978,particle/m2/d,12,1,0.0871,100.0,µm,10.0,200.0,2.673938217831209e-05,t/km2/yr,2.5,1133.932304012787,µm1.5*particle/d/m2,0.09684482953466136,1.0,g/cm3,0.0024894515107872156
Illuminati,2024,https://doi.org/10.1016/j.scitotenv.2024.175221,fragment,deposition,20.0,-74.9,163.65,2020-01-07,2020-11-29,327 days,2517.373868087293,particle/m2/d,1,1,0.0871,100.0,µm,10.0,200.0,2.288977985425833e-06,t/km2/yr,2.5,97.0682891452021,µm1.5*particle/d/m2,0.09684482953466136,1.0,g/cm3,0.0024894515107872156
Illuminati,2024,https://doi.org/10.1016/j.scitotenv.2024.175221,fragment,deposition,30.0,-74.33333333333333,165.13333333333333,2020-01-18,2020-11-17,304 days,898.2179059841984,particle/m2/d,1,1,0.0871,100.0,µm,10.0,200.0,8.167245394007668e-07,t/km2/yr,2.5,34.63469471847587,µm1.5*particle/d/m2,0.09684482953466136,1.0,g/cm3,0.0024894515107872156
Illuminati,2024,https://doi.org/10.1016/j.scitotenv.2024.175221,fragment,deposition,60.0,-74.71666666666667,164.115,2020-01-20,2020-12-20,335 days,3285.586550836937,particle/m2/d,1,1,0.0871,100.0,µm,10.0,200.0,2.987492394123858e-06,t/km2/yr,2.5,126.69006752284596,µm1.5*particle/d/m2,0.09684482953466136,1.0,g/cm3,0.0024894515107872156
Illuminati,2024,https://doi.org/10.1016/j.scitotenv.2024.175221,fragment,deposition,160.0,-73.58333333333333,166.61666666666667,2020-01-20,2020-12-05,320 days,1713.7052153645893,particle/m2/d,1,1,0.0871,100.0,µm,10.0,200.0,1.558224450172516e-06,t/km2/yr,2.5,66.07935176551318,µm1.5*particle/d/m2,0.09684482953466136,1.0,g/cm3,0.002489451510787216
Illuminati,2024,https://doi.org/10.1016/j.scitotenv.2024.175221,fragment,deposition,1250.0,-74.95,161.76666666666668,2020-01-07,2020-12-10,338 days,4065.6178902442666,particle/m2/d,1,1,0.0871,100.0,µm,10.0,200.0,3.696753178340313e-06,t/km2/yr,2.5,156.76756556783815,µm1.5*particle/d/m2,0.09684482953466136,1.0,g/cm3,0.0024894515107872156
Illuminati,2024,https://doi.org/10.1016/j.scitotenv.2024.175221,fragment,deposition,1621.0,-74.16666666666667,163.45,2020-01-06,2020-11-18,317 days,3462.866400702239,particle/m2/d,1,1,0.0871,100.0,µm,10.0,200.0,3.1486880269003244e-06,t/km2/yr,2.5,133.52586253307146,µm1.5*particle/d/m2,0.09684482953466136,1.0,g/cm3,0.002489451510787215
Jenner,2022,https://doi.org/10.3390/atmos13020265,fragment,deposition,,53.739996,-0.348044,2019-10-01,2020-10-31,384 days,937871.0541571401,particle/m2/d,13,1,0.0871,100.0,µm,10.0,200.0,0.0008527800432618821,t/km2/yr,2.5,36163.69416554377,µm1.5*particle/d/m2,0.09684482953466136,1.0,g/cm3,0.0024894515107872156
Jia,2022,https://doi.org/10.1016/j.scitotenv.2022.157609,fragment,deposition,,31.2,121.45,2021-04-19,2021-07-09,3 days,609389.5247239664,particle/m2/d,3,1,0.0871,100.0,µm,10.0,200.0,0.0005541009320566688,t/km2/yr,2.5,23497.661327877137,µm1.5*particle/d/m2,0.09684482953466136,1.0,g/cm3,0.002489451510787216
Kernchen,2022,https://doi.org/10.1016/j.scitotenv.2021.151812,fragment,deposition,,50.49769,9.93586,2018-03-22,2018-09-07,167 days,67541.70454838751,particle/m2/d,7,1,0.0871,100.0,µm,10.0,200.0,6.141379187623866e-05,t/km2/yr,2.5,2604.36393241981,µm1.5*particle/d/m2,0.09684482953466136,1.0,g/cm3,0.0024894515107872156
Kernchen,2022,https://doi.org/10.1016/j.scitotenv.2021.151812,fragment,deposition,,51.58714124629079,9.432592729970326,2018-03-22,2018-10-06,337 days,66485.67490812842,particle/m2/d,11,3,0.0871,100.0,µm,10.0,200.0,6.045357351965944e-05,t/km2/yr,2.5,2563.644120489587,µm1.5*particle/d/m2,0.09684482953466136,1.0,g/cm3,0.002489451510787215
Kernchen,2022,https://doi.org/10.1016/j.scitotenv.2021.151812,fragment,deposition,,53.34310416,8.64153392,2018-03-22,2018-10-04,375 days,195657.13940791466,particle/m2/d,14,2,0.0871,100.0,µm,10.0,200.0,0.00017790559061312222,t/km2/yr,2.5,7544.411270067257,µm1.5*particle/d/m2,0.09684482953466136,1.0,g/cm3,0.0024894515107872156
Kernchen,2024,https://doi.org/10.1007/s11869-024-01571-w,fragment,deposition,,51.32476,9.52471,2019-04-29,2020-01-02,248 days,28144.671441503604,particle/m2/d,8,1,0.0871,100.0,µm,10.0,200.0,2.559116631555141e-05,t/km2/yr,2.5,1085.240114713803,µm1.5*particle/d/m2,0.09684482953466136,1.0,g/cm3,0.002489451510787215
Klein and Fischer,2019,https://doi.org/10.1016/j.scitotenv.2019.05.405,fragment,deposition,,53.53,10.006000000000002,2017-12-01,2018-02-28,89 days,325013.05808638764,particle/m2/d,1,1,0.0871,100.0,µm,10.0,200.0,0.0002955253267568565,t/km2/yr,2.5,12532.290852080087,µm1.5*particle/d/m2,0.09684482953466136,1.0,g/cm3,0.002489451510787216
Kyriakoudes,2023,https://doi.org/10.1016/j.chemosphere.2023.140258,fragment,deposition,,50.37510000000001,-4.1384,2021-11-05,2021-12-17,42 days,10507.308277714765,particle/m2/d,12,1,0.0871,100.0,µm,10.0,200.0,9.55400293880294e-06,t/km2/yr,2.5,405.1549318790439,µm1.5*particle/d/m2,0.09684482953466136,1.0,g/cm3,0.0024894515107872156
Liao,2021,https://doi.org/10.1016/j.jhazmat.2021.126007,fragment,deposition,,-6.116666666666666,106.85,2018-07-01,2018-12-31,178 days,1622.1822650793092,particle/m2/d,6,1,0.0871,100.0,µm,10.0,200.0,1.475005179082122e-06,t/km2/yr,2.5,62.550286689270216,µm1.5*particle/d/m2,0.09684482953466136,1.0,g/cm3,0.0024894515107872156
Liu,2022,https://doi.org/10.1016/j.ecoenv.2022.113353,fragment,deposition,,36.0,103.7,2020-02-01,2020-08-31,210 days,185758.34502943163,particle/m2/d,3,1,0.0871,100.0,µm,10.0,200.0,0.00016890489242448953,t/km2/yr,2.5,7162.720235970063,µm1.5*particle/d/m2,0.09684482953466136,1.0,g/cm3,0.002489451510787216
Logvina,2024,https://doi.org/10.3390/microplastics3040043,fragment,deposition,,41.151629,-8.637068,2022-09-29,2024-03-19,336 days,181012.05723088767,particle/m2/d,24,1,0.0871,100.0,µm,10.0,200.0,0.00016458922504544542,t/km2/yr,2.5,6979.706484124986,µm1.5*particle/d/m2,0.09684482953466136,1.0,g/cm3,0.0024894515107872156
Purwiyanto,2022,https://doi.org/10.1016/j.marpolbul.2021.113195,fragment,deposition,,-6.116666666666666,106.85,2018-03-01,2019-02-28,175 days,2333.447134628044,particle/m2/d,6,1,0.0871,100.0,µm,10.0,200.0,2.1217385264179474e-06,t/km2/yr,2.5,89.97619465288896,µm1.5*particle/d/m2,0.09684482953466136,1.0,g/cm3,0.002489451510787215
Rao,2024,https://doi.org/10.1016/j.jhazmat.2023.132860,fragment,deposition,,32.12,118.96,2020-08-01,2021-08-01,348 days,298900.8479986335,particle/m2/d,12,1,0.0871,100.0,µm,10.0,200.0,0.00027178222097531545,t/km2/yr,2.5,11525.421117254313,µm1.5*particle/d/m2,0.09684482953466136,1.0,g/cm3,0.002489451510787215
Szewc,2021,https://doi.org/10.1016/j.scitotenv.2020.143272,fragment,deposition,,54.5,18.53333333333333,2017-01-12,2017-08-03,126 days,2971.9429022253407,particle/m2/d,17,1,0.0871,100.0,µm,10.0,200.0,2.702304954927129e-06,t/km2/yr,2.5,114.5961736607004,µm1.5*particle/d/m2,0.09684482953466136,1.0,g/cm3,0.002489451510787216
Thinh,2020,https://doi.org/10.31276/vjste.62(3).83-89,fragment,deposition,,10.95,106.4333333333333,2018-12-20,2019-06-08,20 days,577727.0391557785,particle/m2/d,8,1,0.0871,100.0,µm,10.0,200.0,0.0005253111152764891,t/km2/yr,2.5,22276.776602270664,µm1.5*particle/d/m2,0.09684482953466136,1.0,g/cm3,0.002489451510787215
Truong,2021,https://doi.org/10.1016/j.chemosphere.2021.129874,fragment,deposition,,10.894444444444444,106.51666666666668,2018-06-14,2019-06-26,72 days,5788.377164217962,particle/m2/d,72,3,0.0871,100.0,µm,10.0,200.0,5.263210231980166e-06,t/km2/yr,2.5,223.1960359089223,µm1.5*particle/d/m2,0.09684482953466136,1.0,g/cm3,0.0024894515107872156
Welsh,2022,https://doi.org/10.1016/j.scitotenv.2022.155426,fragment,deposition,,45.2245854137738,-78.94330900895856,2019-02-20,2020-03-11,1786 days,837.4061912715578,particle/m2/d,5,5,0.0871,100.0,µm,10.0,200.0,7.614301399482958e-07,t/km2/yr,2.5,32.289834790448104,µm1.5*particle/d/m2,0.09684482953466136,1.0,g/cm3,0.0024894515107872156
Wright,2020,https://doi.org/10.1016/j.envint.2019.105411,fragment,deposition,,51.5111,-0.1171,2018-01-19,2018-02-16,28 days,73400.07818984448,particle/m2/d,1,1,0.0871,100.0,µm,10.0,200.0,6.674064795657235e-05,t/km2/yr,2.5,2830.2589866898566,µm1.5*particle/d/m2,0.09684482953466136,1.0,g/cm3,0.002489451510787215
Zhang,2023,https://doi.org/10.1016/j.scitotenv.2023.163567,fragment,deposition,,39.9666666667,115.433333333,2021-09-01,2022-02-28,180 days,12227.562272936837,particle/m2/d,1,1,0.0871,100.0,µm,10.0,200.0,1.1118182012210094e-05,t/km2/yr,2.5,471.48680031075946,µm1.5*particle/d/m2,0.09684482953466136,1.0,g/cm3,0.002489451510787216
Zhang,2023,https://doi.org/10.1016/j.scitotenv.2023.163567,fragment,deposition,,40.1,116.5,2021-09-01,2022-02-28,360 days,26404.758761715497,particle/m2/d,2,2,0.0871,100.0,µm,10.0,200.0,2.400911214748131e-05,t/km2/yr,2.5,1018.1502202686054,µm1.5*particle/d/m2,0.09684482953466136,1.0,g/cm3,0.002489451510787215
