author,year,doi,measure,lat,lon,number,number_units,mass,mass_units,size_min,size_max,size_units,shape,area,notes,alpha,c,c_units,shape_factor,density,density_units,ng/particle
Abbasi,2019.0,https://doi.org/10.1016/j.envpol.2018.10.039,concentration,27.47,52.61,46814.54495723322,particle/m3,0.0009647664306650025,µg/m3,0.136,100.0,µm,Fibers,land,size range estimated from section 3.3,3.6,680.0726843079512,µm2.6*particle/m3,0.09684482953466136,1.0,g/cm3,2.0608262486506092e-05
Allen,2020.0,https://doi.org/10.1371/journal.pone.0232746,concentration,44.2,-1.3,34087.39851363661,particle/m3,0.000702482056051161,µg/m3,0.136,100.0,µm,Not reported,land,size range from results section,3.6,495.18602881692493,µm2.6*particle/m3,0.09684482953466136,1.0,g/cm3,2.0608262486506096e-05
Allen,2021.0,https://doi.org/10.1038/s41467-021-27454-7,concentration,42.94,0.14,1084.1832832912576,particle/m3,2.2343133685548233e-05,µg/m3,0.136,100.0,µm,Fibers + Fragments,land,size range from results section,3.6,15.749879368116575,µm2.6*particle/m3,0.09684482953466136,1.0,g/cm3,2.0608262486506092e-05
Caracci,2023.0,https://doi.org/10.1016/j.jhazmat.2023.131036,concentration,29.96,-22.935,23.106899691857205,particle/m3,4.7619305409916013e-07,µg/m3,0.136,100.0,µm,Fibers + Fragments,ocean,size range estimated from methods (sampling with PM10 inlet head may capture fibers longer than 10 um); counts estimated from study-reported mass assuming 100 ng/particle,3.6,0.33567284086241883,µm2.6*particle/m3,0.09684482953466136,1.0,g/cm3,2.0608262486506096e-05
Caracci,2023.0,https://doi.org/10.1016/j.jhazmat.2023.131036,concentration,26.52,-24.71,92.60658327317519,particle/m3,1.908460776072079e-06,µg/m3,0.136,100.0,µm,Fibers + Fragments,ocean,size range estimated from methods (sampling with PM10 inlet head may capture fibers longer than 10 um); counts estimated from study-reported mass assuming 100 ng/particle,3.6,1.3452914629141401,µm2.6*particle/m3,0.09684482953466136,1.0,g/cm3,2.0608262486506092e-05
Caracci,2023.0,https://doi.org/10.1016/j.jhazmat.2023.131036,concentration,11.79,-29.305,3.4544009609050663,particle/m3,7.118920173597048e-08,µg/m3,0.136,100.0,µm,Fibers + Fragments,ocean,size range estimated from methods (sampling with PM10 inlet head may capture fibers longer than 10 um); counts estimated from study-reported mass assuming 100 ng/particle,3.6,0.050181919664172604,µm2.6*particle/m3,0.09684482953466136,1.0,g/cm3,2.0608262486506092e-05
Caracci,2023.0,https://doi.org/10.1016/j.jhazmat.2023.131036,concentration,8.17,-29.61,2.6668691356210097,particle/m3,5.495953916403939e-08,µg/m3,0.136,100.0,µm,Fibers + Fragments,ocean,size range estimated from methods (sampling with PM10 inlet head may capture fibers longer than 10 um); counts estimated from study-reported mass assuming 100 ng/particle,3.6,0.03874148202052704,µm2.6*particle/m3,0.09684482953466136,1.0,g/cm3,2.0608262486506092e-05
Caracci,2023.0,https://doi.org/10.1016/j.jhazmat.2023.131036,concentration,4.51,-29.97,1.0202116827543461,particle/m3,2.1024790150001648e-08,µg/m3,0.136,100.0,µm,Fibers + Fragments,ocean,size range estimated from methods (sampling with PM10 inlet head may capture fibers longer than 10 um); counts estimated from study-reported mass assuming 100 ng/particle,3.6,0.014820566947449942,µm2.6*particle/m3,0.09684482953466136,1.0,g/cm3,2.0608262486506092e-05
Caracci,2023.0,https://doi.org/10.1016/j.jhazmat.2023.131036,concentration,-27.435,-40.365,23.55436095622315,particle/m3,4.854144532877573e-07,µg/m3,0.136,100.0,µm,Fibers + Fragments,ocean,size range estimated from methods (sampling with PM10 inlet head may capture fibers longer than 10 um); counts estimated from study-reported mass assuming 100 ng/particle,3.6,0.3421730895235811,µm2.6*particle/m3,0.09684482953466136,1.0,g/cm3,2.060826248650609e-05
Caracci,2023.0,https://doi.org/10.1016/j.jhazmat.2023.131036,concentration,-30.68,-42.715,0.017898450574637653,particle/m3,3.688559675438885e-10,µg/m3,0.136,100.0,µm,Fibers + Fragments,ocean,size range estimated from methods (sampling with PM10 inlet head may capture fibers longer than 10 um); counts estimated from study-reported mass assuming 100 ng/particle,3.6,0.0002600099464464902,µm2.6*particle/m3,0.09684482953466136,1.0,g/cm3,2.0608262486506085e-05
Caracci,2023.0,https://doi.org/10.1016/j.jhazmat.2023.131036,concentration,-39.92,-50.63,5.745402634458684,particle/m3,1.184027655815882e-07,µg/m3,0.136,100.0,µm,Fibers + Fragments,ocean,size range estimated from methods (sampling with PM10 inlet head may capture fibers longer than 10 um); counts estimated from study-reported mass assuming 100 ng/particle,3.6,0.08346319280932334,µm2.6*particle/m3,0.09684482953466136,1.0,g/cm3,2.0608262486506096e-05
Caracci,2023.0,https://doi.org/10.1016/j.jhazmat.2023.131036,concentration,-43.44,-54.31,1.843540409187678,particle/m3,3.799216465702051e-08,µg/m3,0.136,100.0,µm,Fibers + Fragments,ocean,size range estimated from methods (sampling with PM10 inlet head may capture fibers longer than 10 um); counts estimated from study-reported mass assuming 100 ng/particle,3.6,0.02678102448398849,µm2.6*particle/m3,0.09684482953466136,1.0,g/cm3,2.0608262486506085e-05
Caracci,2023.0,https://doi.org/10.1016/j.jhazmat.2023.131036,concentration,-46.955,-58.82,14.050283701090555,particle/m3,2.8955193452195247e-07,µg/m3,0.136,100.0,µm,Fibers + Fragments,ocean,size range estimated from methods (sampling with PM10 inlet head may capture fibers longer than 10 um); counts estimated from study-reported mass assuming 100 ng/particle,3.6,0.2041078079604948,µm2.6*particle/m3,0.09684482953466136,1.0,g/cm3,2.0608262486506092e-05
Ding,2021.0,https://doi.org/10.1016/j.atmosenv.2021.118389,concentration,19.99,113.1,163761.48628651755,particle/m3,0.0033748396945729215,µg/m3,0.136,100.0,µm,Fibers + Films + Foams + Fragments,ocean,size range from section 3.2,3.6,2378.95537950592,µm2.6*particle/m3,0.09684482953466136,1.0,g/cm3,2.060826248650609e-05
Dris,2017.0,https://doi.org/10.1016/j.envpol.2016.12.013,concentration,48.8,2.5,4211262.223919525,particle/m3,0.08678679731004098,µg/m3,0.136,100.0,µm,Fibers,land,size range from figure 2,3.6,61176.807497797075,µm2.6*particle/m3,0.09684482953466136,1.0,g/cm3,2.0608262486506092e-05
Gaston,2020.0,https://doi.org/10.1177/0003702820920652,concentration,34.17,-118.96,4784527.577515766,particle/m3,0.09860080019137202,µg/m3,0.136,100.0,µm,Fibers + Fragments,land,size range from table 2; count is particles identified via Nile red fluorescence,3.6,69504.60622353702,µm2.6*particle/m3,0.09684482953466136,1.0,g/cm3,2.060826248650609e-05
Liu,2019.0,https://doi.org/10.1016/j.scitotenv.2019.04.110,concentration,31.1,121.5,882225.5039947375,particle/m3,0.018181134758613684,µg/m3,0.136,100.0,µm,Fibers + Fragments,land,size range from section 3.2,3.6,12816.04824344095,µm2.6*particle/m3,0.09684482953466136,1.0,g/cm3,2.0608262486506096e-05
Liu,2019.0,https://doi.org/10.1021/acs.est.9b03427,concentration,28.0,123.0,194176.1477049024,particle/m3,0.004001633020521207,µg/m3,0.136,100.0,µm,Fibers + Fragments,ocean,size range from results section,3.6,2820.787729943465,µm2.6*particle/m3,0.09684482953466136,1.0,g/cm3,2.0608262486506096e-05
Liu,2019.0,https://doi.org/10.1021/acs.est.9b03427,concentration,20.0,130.0,3431.9264651663075,particle/m3,7.072604142853427e-05,µg/m3,0.136,100.0,µm,Fibers + Fragments,ocean,size range from results section,3.6,49.85543372567874,µm2.6*particle/m3,0.09684482953466136,1.0,g/cm3,2.060826248650609e-05
Liu,2019.0,https://doi.org/10.1021/acs.est.9b03427,concentration,12.0,142.0,5723.336110333864,particle/m3,0.0001179480128602591,µg/m3,0.136,100.0,µm,Fibers + Fragments,ocean,size range from results section,3.6,83.14263345520332,µm2.6*particle/m3,0.09684482953466136,1.0,g/cm3,2.0608262486506096e-05
Liu,2020.0,https://doi.org/10.1016/j.jhazmat.2020.123223,concentration,40.85,121.81,11607.870551310009,particle/m3,0.00023921804323078088,µg/m3,0.136,100.0,µm,Fibers,land,size range from section 3.3,3.6,168.6269874488847,µm2.6*particle/m3,0.09684482953466136,1.0,g/cm3,2.0608262486506092e-05
Liu,2020.0,https://doi.org/10.1016/j.jhazmat.2020.123223,concentration,38.84,117.44,13542.51564319501,particle/m3,0.0002790877171025777,µg/m3,0.136,100.0,µm,Fibers,land,size range from section 3.3,3.6,196.73148535703214,µm2.6*particle/m3,0.09684482953466136,1.0,g/cm3,2.0608262486506092e-05
Liu,2020.0,https://doi.org/10.1016/j.jhazmat.2020.123223,concentration,38.22,118.95,7496.7497310543795,particle/m3,0.00015449498625321262,µg/m3,0.136,100.0,µm,Fibers,land,size range from section 3.3,3.6,108.90492939407136,µm2.6*particle/m3,0.09684482953466136,1.0,g/cm3,2.0608262486506092e-05
Liu,2020.0,https://doi.org/10.1016/j.jhazmat.2020.123223,concentration,35.87,120.41,10156.886732396257,particle/m3,0.00020931578782693323,µg/m3,0.136,100.0,µm,Fibers,land,size range from section 3.3,3.6,147.5486140177741,µm2.6*particle/m3,0.09684482953466136,1.0,g/cm3,2.0608262486506092e-05
Liu,2020.0,https://doi.org/10.1016/j.jhazmat.2020.123223,concentration,34.77,119.35,18862.78964587876,particle/m3,0.0003887293202500189,µg/m3,0.136,100.0,µm,Fibers,land,size range from section 3.3,3.6,274.0188546044376,µm2.6*particle/m3,0.09684482953466136,1.0,g/cm3,2.0608262486506096e-05
Liu,2020.0,https://doi.org/10.1016/j.jhazmat.2020.123223,concentration,31.85,120.88,77385.80367540005,particle/m3,0.0015947869548718725,µg/m3,0.136,100.0,µm,Fibers,land,size range from section 3.3,3.6,1124.179916325898,µm2.6*particle/m3,0.09684482953466136,1.0,g/cm3,2.0608262486506096e-05
Liu,2020.0,https://doi.org/10.1016/j.jhazmat.2020.123223,concentration,30.7,121.78,103987.17368881885,particle/m3,0.002142994970609079,µg/m3,0.136,100.0,µm,Fibers,land,size range from section 3.3,3.6,1510.6167625629255,µm2.6*particle/m3,0.09684482953466136,1.0,g/cm3,2.0608262486506092e-05
Liu,2020.0,https://doi.org/10.1016/j.jhazmat.2020.123223,concentration,29.88,122.34,10156.886732396257,particle/m3,0.00020931578782693323,µg/m3,0.136,100.0,µm,Fibers,land,size range from section 3.3,3.6,147.5486140177741,µm2.6*particle/m3,0.09684482953466136,1.0,g/cm3,2.0608262486506092e-05
Liu,2020.0,https://doi.org/10.1016/j.jhazmat.2020.123223,concentration,28.66,122.03,5320.274002683754,particle/m3,0.00010964160314744123,µg/m3,0.136,100.0,µm,Fibers,land,size range from section 3.3,3.6,77.28736924740548,µm2.6*particle/m3,0.09684482953466136,1.0,g/cm3,2.0608262486506092e-05
Trainic,2020.0,https://doi.org/10.1038/s43247-020-00061-y,concentration,46.05,-8.0,19866.601192958875,particle/m3,0.0004094161320992316,µg/m3,0.136,100.0,µm,Not reported,ocean,size range from table 1,3.6,288.6011775552583,µm2.6*particle/m3,0.09684482953466136,1.0,g/cm3,2.0608262486506092e-05
Trainic,2020.0,https://doi.org/10.1038/s43247-020-00061-y,concentration,43.85,-12.45,22704.687077667284,particle/m3,0.00046790415097055035,µg/m3,0.136,100.0,µm,Not reported,ocean,size range from table 1,3.6,329.82991720600944,µm2.6*particle/m3,0.09684482953466136,1.0,g/cm3,2.0608262486506092e-05
Trainic,2020.0,https://doi.org/10.1038/s43247-020-00061-y,concentration,39.35,-19.75,19866.601192958875,particle/m3,0.0004094161320992316,µg/m3,0.136,100.0,µm,Not reported,ocean,size range from table 1,3.6,288.6011775552583,µm2.6*particle/m3,0.09684482953466136,1.0,g/cm3,2.0608262486506092e-05
Trainic,2020.0,https://doi.org/10.1038/s43247-020-00061-y,concentration,38.4,-21.8,11352.343538833642,particle/m3,0.00023395207548527517,µg/m3,0.136,100.0,µm,Not reported,ocean,size range from table 1,3.6,164.91495860300472,µm2.6*particle/m3,0.09684482953466136,1.0,g/cm3,2.0608262486506092e-05
Trainic,2020.0,https://doi.org/10.1038/s43247-020-00061-y,concentration,36.4,-30.35,17028.515308250462,particle/m3,0.00035092811322791275,µg/m3,0.136,100.0,µm,Not reported,ocean,size range from table 1,3.6,247.37243790450705,µm2.6*particle/m3,0.09684482953466136,1.0,g/cm3,2.0608262486506092e-05
Trainic,2020.0,https://doi.org/10.1038/s43247-020-00061-y,concentration,32.2,-38.45,19866.601192958875,particle/m3,0.0004094161320992316,µg/m3,0.136,100.0,µm,Not reported,ocean,size range from table 1,3.6,288.6011775552583,µm2.6*particle/m3,0.09684482953466136,1.0,g/cm3,2.0608262486506092e-05
Trainic,2020.0,https://doi.org/10.1038/s43247-020-00061-y,concentration,26.5,-50.4,8514.257654125231,particle/m3,0.00017546405661395637,µg/m3,0.136,100.0,µm,Not reported,ocean,size range from table 1,3.6,123.68621895225353,µm2.6*particle/m3,0.09684482953466136,1.0,g/cm3,2.0608262486506092e-05
Trainic,2020.0,https://doi.org/10.1038/s43247-020-00061-y,concentration,25.85,-67.65,19866.601192958875,particle/m3,0.0004094161320992316,µg/m3,0.136,100.0,µm,Not reported,ocean,size range from table 1,3.6,288.6011775552583,µm2.6*particle/m3,0.09684482953466136,1.0,g/cm3,2.0608262486506092e-05
Trainic,2020.0,https://doi.org/10.1038/s43247-020-00061-y,concentration,25.95,-70.9,5676.171769416821,particle/m3,0.00011697603774263759,µg/m3,0.136,100.0,µm,Not reported,ocean,size range from table 1,3.6,82.45747930150236,µm2.6*particle/m3,0.09684482953466136,1.0,g/cm3,2.0608262486506092e-05
Wang,2020.0,https://doi.org/10.1016/j.jhazmat.2019.121846,concentration,22.54,113.59,215858.3388393244,particle/m3,0.00444846530670197,µg/m3,0.136,100.0,µm,Fibers + Fragments,ocean,size range from section 3.2,3.6,3135.7638968577207,µm2.6*particle/m3,0.09684482953466136,1.0,g/cm3,2.060826248650609e-05
Wang,2020.0,https://doi.org/10.1016/j.jhazmat.2019.121846,concentration,22.24,113.67,554036.4030209327,particle/m3,0.011417727620535056,µg/m3,0.136,100.0,µm,Fibers + Fragments,ocean,size range from section 3.2,3.6,8048.460668601484,µm2.6*particle/m3,0.09684482953466136,1.0,g/cm3,2.060826248650609e-05
Wang,2020.0,https://doi.org/10.1016/j.jhazmat.2019.121846,concentration,22.02,114.48,136710.28126490544,particle/m3,0.0028173613609112475,µg/m3,0.136,100.0,µm,Fibers + Fragments,ocean,size range from section 3.2,3.6,1985.9838013432231,µm2.6*particle/m3,0.09684482953466136,1.0,g/cm3,2.0608262486506092e-05
Wang,2020.0,https://doi.org/10.1016/j.jhazmat.2019.121846,concentration,17.31,113.19,43891.19556399596,particle/m3,0.0009045212790294006,µg/m3,0.136,100.0,µm,Fibers + Fragments,ocean,size range from section 3.2,3.6,637.6053256944033,µm2.6*particle/m3,0.09684482953466136,1.0,g/cm3,2.0608262486506092e-05
Wang,2020.0,https://doi.org/10.1016/j.jhazmat.2019.121846,concentration,14.33,112.48,165491.39311014867,particle/m3,0.00341049006847151,µg/m3,0.136,100.0,µm,Fibers + Fragments,ocean,size range from section 3.2,3.6,2404.0856542575857,µm2.6*particle/m3,0.09684482953466136,1.0,g/cm3,2.0608262486506092e-05
Wang,2020.0,https://doi.org/10.1016/j.jhazmat.2019.121846,concentration,11.22,111.94,24463.945068456764,particle/m3,0.0005041594014262233,µg/m3,0.136,100.0,µm,Fibers + Fragments,ocean,size range from section 3.2,3.6,355.3865749772084,µm2.6*particle/m3,0.09684482953466136,1.0,g/cm3,2.0608262486506092e-05
Wang,2020.0,https://doi.org/10.1016/j.jhazmat.2019.121846,concentration,5.54,109.83,50366.94572917569,particle/m3,0.0010379752382304597,µg/m3,0.136,100.0,µm,Fibers + Fragments,ocean,size range from section 3.2,3.6,731.6782426001349,µm2.6*particle/m3,0.09684482953466136,1.0,g/cm3,2.0608262486506092e-05
Wang,2020.0,https://doi.org/10.1016/j.jhazmat.2019.121846,concentration,1.85,108.35,57562.223690486506,particle/m3,0.0011862574151205254,µg/m3,0.136,100.0,µm,Fibers + Fragments,ocean,size range from section 3.2,3.6,836.2037058287257,µm2.6*particle/m3,0.09684482953466136,1.0,g/cm3,2.0608262486506092e-05
Wang,2020.0,https://doi.org/10.1016/j.jhazmat.2019.121846,concentration,-2.88,107.14,12951.500330359464,particle/m3,0.00026690791840211823,µg/m3,0.136,100.0,µm,Fibers + Fragments,ocean,size range from section 3.2,3.6,188.14583381146326,µm2.6*particle/m3,0.09684482953466136,1.0,g/cm3,2.0608262486506092e-05
Wang,2020.0,https://doi.org/10.1016/j.jhazmat.2019.121846,concentration,-6.55,104.38,46049.778952389206,particle/m3,0.0009490059320964204,µg/m3,0.136,100.0,µm,Fibers + Fragments,ocean,size range from section 3.2,3.6,668.9629646629805,µm2.6*particle/m3,0.09684482953466136,1.0,g/cm3,2.0608262486506092e-05
Wang,2020.0,https://doi.org/10.1016/j.jhazmat.2019.121846,concentration,-8.37,98.72,5756.222369048651,particle/m3,0.00011862574151205255,µg/m3,0.136,100.0,µm,Fibers + Fragments,ocean,size range from section 3.2,3.6,83.62037058287257,µm2.6*particle/m3,0.09684482953466136,1.0,g/cm3,2.0608262486506092e-05
Wang,2020.0,https://doi.org/10.1016/j.jhazmat.2019.121846,concentration,-9.34,93.0,1439.0555922621627,particle/m3,2.9656435378013137e-05,µg/m3,0.136,100.0,µm,Fibers + Fragments,ocean,size range from section 3.2,3.6,20.905092645718142,µm2.6*particle/m3,0.09684482953466136,1.0,g/cm3,2.0608262486506092e-05
Wang,2020.0,https://doi.org/10.1016/j.jhazmat.2019.121846,concentration,-8.36,89.68,3597.6389806554066,particle/m3,7.414108844503284e-05,µg/m3,0.136,100.0,µm,Fibers + Fragments,ocean,size range from section 3.2,3.6,52.262731614295355,µm2.6*particle/m3,0.09684482953466136,1.0,g/cm3,2.0608262486506092e-05
Wang,2020.0,https://doi.org/10.1016/j.jhazmat.2019.121846,concentration,-4.19,88.21,57562.223690486506,particle/m3,0.0011862574151205254,µg/m3,0.136,100.0,µm,Fibers + Fragments,ocean,size range from section 3.2,3.6,836.2037058287257,µm2.6*particle/m3,0.09684482953466136,1.0,g/cm3,2.0608262486506092e-05
Wang,2020.0,https://doi.org/10.1016/j.jhazmat.2019.121846,concentration,0.19,87.46,129515.00330359463,particle/m3,0.0026690791840211824,µg/m3,0.136,100.0,µm,Fibers + Fragments,ocean,size range from section 3.2,3.6,1881.4583381146324,µm2.6*particle/m3,0.09684482953466136,1.0,g/cm3,2.0608262486506096e-05
Wang,2020.0,https://doi.org/10.1016/j.jhazmat.2019.121846,concentration,2.73,87.28,86343.33553572976,particle/m3,0.001779386122680788,µg/m3,0.136,100.0,µm,Fibers + Fragments,ocean,size range from section 3.2,3.6,1254.3055587430883,µm2.6*particle/m3,0.09684482953466136,1.0,g/cm3,2.0608262486506092e-05
Wang,2020.0,https://doi.org/10.1016/j.jhazmat.2019.121846,concentration,6.09,86.82,719.5277961310813,particle/m3,1.4828217689006569e-05,µg/m3,0.136,100.0,µm,Fibers + Fragments,ocean,size range from section 3.2,3.6,10.452546322859071,µm2.6*particle/m3,0.09684482953466136,1.0,g/cm3,2.0608262486506092e-05
Wang,2020.0,https://doi.org/10.1016/j.jhazmat.2019.121846,concentration,8.93,86.87,11512.444738097302,particle/m3,0.0002372514830241051,µg/m3,0.136,100.0,µm,Fibers + Fragments,ocean,size range from section 3.2,3.6,167.24074116574513,µm2.6*particle/m3,0.09684482953466136,1.0,g/cm3,2.0608262486506092e-05
Wang,2020.0,https://doi.org/10.1016/j.jhazmat.2019.121846,concentration,11.82,86.95,10792.91694196622,particle/m3,0.0002224232653350985,µg/m3,0.136,100.0,µm,Fibers + Fragments,ocean,size range from section 3.2,3.6,156.78819484288604,µm2.6*particle/m3,0.09684482953466136,1.0,g/cm3,2.0608262486506092e-05
Wang,2020.0,https://doi.org/10.1016/j.jhazmat.2019.121846,concentration,13.88,87.06,10073.389145835139,particle/m3,0.00020759504764609194,µg/m3,0.136,100.0,µm,Fibers + Fragments,ocean,size range from section 3.2,3.6,146.33564852002698,µm2.6*particle/m3,0.09684482953466136,1.0,g/cm3,2.060826248650609e-05
Wang,2020.0,https://doi.org/10.1016/j.jhazmat.2019.121846,concentration,4.16,79.66,10073.389145835139,particle/m3,0.00020759504764609194,µg/m3,0.136,100.0,µm,Fibers + Fragments,ocean,size range from section 3.2,3.6,146.33564852002698,µm2.6*particle/m3,0.09684482953466136,1.0,g/cm3,2.060826248650609e-05
Wang,2021.0,https://doi.org/10.1016/j.jhazmat.2021.125477,concentration,20.56,113.11,1474.4819207460243,particle/m3,3.0386510454341753e-05,µg/m3,0.136,100.0,µm,Fibers + Films + Fragments,ocean,size range from section 3.2; count is mean of all samples,3.6,21.41972924699675,µm2.6*particle/m3,0.09684482953466136,1.0,g/cm3,2.0608262486506096e-05
Yuan,2023.0,https://doi.org/10.1016/j.scitotenv.2023.161839,concentration,23.13,113.26,23402.02598661105,particle/m3,0.0004822750942481173,µg/m3,0.136,100.0,µm,Fibers,land,size range from section 3.2,3.6,339.96012661231686,µm2.6*particle/m3,0.09684482953466136,1.0,g/cm3,2.0608262486506092e-05
Allen,2019.0,https://doi.org/10.1038/s41561-019-0335-5,deposition,42.804,1.419,1973417.9308451363,particle/m2/d,0.0002578714764330847,t/km2/yr,0.136,100.0,µm,Fibers + Films + Fragments,land,size range estimated from figure 2,3.0,73000.81112012354,µm2*particle/d/m2,0.09684482953466136,1.0,g/cm3,0.00035776183731586975
Brahney,2020.0,https://doi.org/10.1126/science.aaz5819,deposition,36.0586,-112.184,96885.80619022214,particle/m2/d,1.2660311582849854e-05,t/km2/yr,0.136,100.0,µm,Fibers + Fragments,land,size range stated in paper,3.0,3584.0063715668825,µm2*particle/d/m2,0.09684482953466136,1.0,g/cm3,0.00035776183731586964
Brahney,2020.0,https://doi.org/10.1126/science.aaz5819,deposition,42.929,-109.7875,58823.52518692058,particle/m2/d,7.686617746730269e-06,t/km2/yr,0.136,100.0,µm,Fibers + Fragments,land,size range stated in paper,3.0,2176.0038684513215,µm2*particle/d/m2,0.09684482953466136,1.0,g/cm3,0.0003577618373158697
Brahney,2020.0,https://doi.org/10.1126/science.aaz5819,deposition,43.4605,-113.5551,120242.20589679353,particle/m2/d,1.5712350982286872e-05,t/km2/yr,0.136,100.0,µm,Fibers + Fragments,land,size range stated in paper,3.0,4448.007907569613,µm2*particle/d/m2,0.09684482953466136,1.0,g/cm3,0.0003577618373158697
Brahney,2020.0,https://doi.org/10.1126/science.aaz5819,deposition,40.2878,-105.6628,376297.5508280949,particle/m2/d,4.917174587981863e-05,t/km2/yr,0.136,100.0,µm,Fibers + Fragments,land,size range stated in paper,3.0,13920.02474671066,µm2*particle/d/m2,0.09684482953466136,1.0,g/cm3,0.0003577618373158697
Brahney,2020.0,https://doi.org/10.1126/science.aaz5819,deposition,34.0695,-116.3889,46712.79941314281,particle/m2/d,6.104078798874037e-06,t/km2/yr,0.136,100.0,µm,Fibers + Fragments,land,size range stated in paper,3.0,1728.0030720054613,µm2*particle/d/m2,0.09684482953466136,1.0,g/cm3,0.0003577618373158697
Brahney,2020.0,https://doi.org/10.1126/science.aaz5819,deposition,40.7543,-109.4671,103806.22091809515,particle/m2/d,1.3564619553053415e-05,t/km2/yr,0.136,100.0,µm,Fibers + Fragments,land,size range stated in paper,3.0,3840.006826678803,µm2*particle/d/m2,0.09684482953466136,1.0,g/cm3,0.00035776183731586964
Brahney,2020.0,https://doi.org/10.1126/science.aaz5819,deposition,38.4584,-109.821,41522.48836723806,particle/m2/d,5.4258478212213665e-06,t/km2/yr,0.136,100.0,µm,Fibers + Fragments,land,size range stated in paper,3.0,1536.0027306715212,µm2*particle/d/m2,0.09684482953466136,1.0,g/cm3,0.0003577618373158697
Brahney,2020.0,https://doi.org/10.1126/science.aaz5819,deposition,40.0547,-105.5891,128027.67246565068,particle/m2/d,1.672969744876588e-05,t/km2/yr,0.136,100.0,µm,Fibers + Fragments,land,size range stated in paper,3.0,4736.008419570524,µm2*particle/d/m2,0.09684482953466136,1.0,g/cm3,0.0003577618373158697
Brahney,2020.0,https://doi.org/10.1126/science.aaz5819,deposition,38.9561,-106.986,121107.25773777766,particle/m2/d,1.582538947856232e-05,t/km2/yr,0.136,100.0,µm,Fibers + Fragments,land,size range stated in paper,3.0,4480.007964458603,µm2*particle/d/m2,0.09684482953466136,1.0,g/cm3,0.0003577618373158697
Brahney,2020.0,https://doi.org/10.1126/science.aaz5819,deposition,39.0054,-114.217,92560.54698530151,particle/m2/d,1.2095119101472627e-05,t/km2/yr,0.136,100.0,µm,Fibers + Fragments,land,size range stated in paper,3.0,3424.0060871219325,µm2*particle/d/m2,0.09684482953466136,1.0,g/cm3,0.00035776183731586964
Brahney,2020.0,https://doi.org/10.1126/science.aaz5819,deposition,37.6186,-112.1728,69204.1472787301,particle/m2/d,9.04307970203561e-06,t/km2/yr,0.136,100.0,µm,Fibers + Fragments,land,size range stated in paper,3.0,2560.004551119202,µm2*particle/d/m2,0.09684482953466136,1.0,g/cm3,0.00035776183731586964
Cai,2017.0,https://doi.org/10.1007/s11356-017-0116-x,deposition,23.05,113.77,778557.7297264438,particle/m2/d,0.00010173609356380363,t/km2/yr,0.136,100.0,µm,Fibers + Films + Foams + Fragments,land,size range estimated from figure 4; count excludes organic particles e.g. cellulose,3.0,28800.46080737292,µm2*particle/d/m2,0.09684482953466136,1.0,g/cm3,0.0003577618373158697
Dris,2016.0,https://doi.org/10.1016/j.marpolbul.2016.01.006,deposition,48.805,2.443,14871682.866724966,particle/m2/d,0.001943320144174734,t/km2/yr,0.136,100.0,µm,Fibers,land,size range estimated from figure 3,3.0,550134.31013431,µm2*particle/d/m2,0.09684482953466136,1.0,g/cm3,0.00035776183731586964
Klein,2019.0,https://doi.org/10.1016/j.scitotenv.2019.05.405,deposition,53.518,9.923,6598276.759431611,particle/m2/d,0.0008622133929532357,t/km2/yr,0.136,100.0,µm,Fibers + Fragments,land,size range estimated from section 3.3; count is mean of all samples,3.0,244083.90534248552,µm2*particle/d/m2,0.09684482953466136,1.0,g/cm3,0.0003577618373158697
Liu,2020.0,https://doi.org/10.1016/j.jhazmat.2020.123223,deposition,34.61,119.21,539797.1445813621,particle/m2/d,7.053664835605606e-05,t/km2/yr,0.136,100.0,µm,Fibers,land,size range estimated from figure 3b,3.0,19968.212905560344,µm2*particle/d/m2,0.09684482953466136,1.0,g/cm3,0.00035776183731586975
Liu,2020.0,https://doi.org/10.1016/j.jhazmat.2020.123223,deposition,29.97,122.18,941184.764911093,particle/m2/d,0.0001229869766208157,t/km2/yr,0.136,100.0,µm,Fibers,land,size range estimated from figure 3b,3.0,34816.37121995137,µm2*particle/d/m2,0.09684482953466136,1.0,g/cm3,0.0003577618373158697
Liu,2020.0,https://doi.org/10.1016/j.jhazmat.2020.123223,deposition,24.61,118.31,816616.1930846248,particle/m2/d,0.0001067092885386489,t/km2/yr,0.136,100.0,µm,Fibers,land,size range estimated from figure 3b,3.0,30208.32208789898,µm2*particle/d/m2,0.09684482953466136,1.0,g/cm3,0.0003577618373158697
Liu,2020.0,https://doi.org/10.1016/j.jhazmat.2020.123223,deposition,38.29,116.87,498274.2873058728,particle/m2/d,6.511075232866713e-05,t/km2/yr,0.136,100.0,µm,Fibers,land,size range estimated from figure 3b,3.0,18432.196528209548,µm2*particle/d/m2,0.09684482953466136,1.0,g/cm3,0.0003577618373158697
Roblin,2020.0,https://doi.org/10.1021/acs.est.0c04000,deposition,55.37175,-7.33945,2027778.488312674,particle/m2/d,0.00026497490698105587,t/km2/yr,0.136,100.0,µm,Fibers,land,size range estimated from figure S3 and statement that visual detection was limited to fibers with length > 50 um; count from bulk deposition sample only; count excludes organic fibers e.g. cellulose,3.0,75011.72058134084,µm2*particle/d/m2,0.09684482953466136,1.0,g/cm3,0.0003577618373158697
Wright,2020.0,https://doi.org/10.1016/j.envint.2019.105411,deposition,51.5111,-0.1171,26054818.47327076,particle/m2/d,0.003404648555625998,t/km2/yr,0.136,100.0,µm,Fibers + Films + Foams + Fragments,land,size range estimated from figure 2,3.0,963821.6276477146,µm2*particle/d/m2,0.09684482953466136,1.0,g/cm3,0.0003577618373158697
Yuan,2023.0,https://doi.org/10.1016/j.scitotenv.2023.161839,deposition,23.13,113.26,3073630.4117488344,particle/m2/d,0.0004016390040339109,t/km2/yr,0.136,100.0,µm,Fibers,land,size range from section 3.2,3.0,113699.94649083393,µm2*particle/d/m2,0.09684482953466136,1.0,g/cm3,0.0003577618373158697
